"Name","Pos","Age","Team","GP","G","A","PTS","+/-","PIM","PPG","PPP","SOG","PTS/G","NHLe"
"JAKOB PELLETIER","L","25.3","Syracuse Crunch","66","28","49","77","22","19","8","31","159","1.17","46"
"CAMERON HUGHES","F","29.7","Texas Stars","69","20","51","71","15","48","4","18","154","1.03","41"
"ALEX BARRE-BOULET","C","29.1","Colorado Eagles","70","26","44","70","15","30","10","21","215","1.00","40"
"ARTHUR KALIYEV","L","25.0","Belleville Senators","73","42","28","70","-13","30","16","23","273","0.96","38"
"ILYA PROTAS","C","20.0","Hershey Bears","72","29","38","67","18","40","11","19","148","0.93","37"
"TANNER LACZYNSKI","F","29.1","Henderson Silver Knights","66","23","44","67","38","35","4","16","145","1.02","40"
"FELIX UNGER SORUM","R","20.8","Chicago Wolves","72","17","49","66","14","20","6","21","116","0.92","37"
"SETH GRIFFITH","R","33.5","Bakersfield Condors","71","18","47","65","-2","50","3","24","82","0.92","36"
"KONSTA HELENIUS","F","20.1","Rochester Americans","66","21","43","64","-15","22","9","25","157","0.97","39"
"QUINN HUTSON","F","24.5","Bakersfield Condors","71","30","34","64","-7","84","12","29","202","0.90","36"
"JUSTIN ROBIDAS","F","23.3","Chicago Wolves","62","23","40","63","20","14","2","11","195","1.02","40"
"ALEX BELZILE","F","34.8","Laval Rocket","66","29","33","62","15","76","14","26","161","0.94","37"
"CONOR GEEKIE","C","22.2","Syracuse Crunch","60","18","44","62","11","60","7","26","181","1.03","41"
"DRYDEN HUNT","L","30.6","Calgary Wranglers","52","18","44","62","4","64","3","17","134","1.19","48"
"ZAC JONES","D","25.7","Rochester Americans","63","11","51","62","-14","14","3","38","170","0.98","39"
"GEORGII MERKULOV","L","25.7","Providence Bruins","70","24","37","61","11","38","5","22","135","0.87","35"
"ANDREW CRISTALL","L","21.4","Hershey Bears","72","20","40","60","-6","24","2","16","135","0.83","33"
"FILIP BYSTEDT","F","24.2","San Jose Barracuda","65","22","38","60","-2","22","6","21","119","0.92","37"
"LUCA DEL BEL BELLUZ","F","22.6","Cleveland Monsters","58","22","38","60","-3","2","9","27","142","1.03","41"
"MARTIN FRK","R","32.7","Calgary Wranglers","66","30","30","60","12","72","6","14","167","0.91","36"
"LAURENT DAUPHIN","F","31.3","Laval Rocket","56","15","44","59","18","34","4","18","139","1.05","42"
"LOGAN MORRISON","F","24.0","Coachella Valley Firebirds","68","29","30","59","26","42","8","14","158","0.87","35"
"VILJAMI MARJALA","C","23.4","Bakersfield Condors","72","17","42","59","-8","22","7","24","130","0.82","33"
"BRADLY NADEAU","F","21.2","Chicago Wolves","56","29","28","57","16","24","7","16","159","1.02","41"
"DYLAN DUKE","C","23.3","Syracuse Crunch","72","32","25","57","-6","42","18","27","151","0.79","32"
"JAGGER FIRKUS","F","22.2","Coachella Valley Firebirds","67","23","34","57","17","18","3","13","183","0.85","34"
"JAYSON MEGNA","F","36.4","Colorado Eagles","73","30","27","57","26","30","6","9","139","0.78","31"
"MITCHELL CHAFFEE","R","28.4","Syracuse Crunch","54","24","33","57","6","57","7","21","152","1.06","42"
"RORY KERINS","C","24.2","Calgary Wranglers","56","22","35","57","-11","16","4","13","118","1.02","41"
"XAVIER BOURGAULT","R","23.7","Belleville Senators","70","25","32","57","-17","34","5","18","180","0.81","32"
"AUSTIN POGANSKI","R","30.4","Tucson Roadrunners","70","22","34","56","0","18","4","13","118","0.80","32"
"MARTIN CHROMIAK","F","23.9","Ontario Reign","71","28","28","56","1","14","12","24","178","0.79","31"
"PATRICK BROWN","F","34.1","Providence Bruins","74","21","35","56","39","56","6","12","189","0.76","30"
"RILEY TUFTE","L","28.2","Providence Bruins","64","32","24","56","28","71","5","10","170","0.88","35"
"SASHA PASTUJOV","R","23.0","San Diego Gulls","71","21","35","56","3","26","7","21","243","0.79","31"
"NIKITA ALEXANDROV","F","25.8","Ontario Reign","66","16","39","55","-20","28","4","20","144","0.83","33"
"TREY FIX-WOLANSKY","F","27.1","Hartford Wolf Pack","72","31","24","55","-10","121","7","12","214","0.76","30"
"BRETT SENEY","F","30.3","Rockford IceHogs","70","19","35","54","2","65","1","7","133","0.77","31"
"JOHN LEONARD","L","27.9","Grand Rapids Griffins","47","33","21","54","8","12","5","10","161","1.15","46"
"LOGAN SHAW","F","33.7","Toronto Marlies","72","23","31","54","-1","45","5","12","133","0.75","30"
"RAPHAEL LAVOIE","F","25.8","Henderson Silver Knights","45","30","24","54","4","12","11","17","175","1.20","48"
"ALEX NYLANDER","R","28.3","Toronto Marlies","65","24","29","53","5","12","4","12","153","0.82","32"
"CAMERON HEBIG","C","29.4","Tucson Roadrunners","68","25","28","53","-1","30","6","15","174","0.78","31"
"COLE GUTTMAN","F","27.2","Ontario Reign","67","24","29","53","2","52","7","19","163","0.79","32"
"MATT LUFF","R","29.2","Bridgeport Islanders","65","18","35","53","-15","31","5","20","135","0.82","32"
"SEAN FARRELL","F","24.7","Laval Rocket","72","17","36","53","-2","20","9","24","143","0.74","29"
"BEN MCCARTNEY","F","25.0","Tucson Roadrunners","59","22","30","52","-2","75","5","12","135","0.88","35"
"BENOIT-OLIVIER GROULX","C","26.4","Toronto Marlies","59","28","24","52","6","34","2","6","136","0.88","35"
"JACK AHCAN","D","29.1","Colorado Eagles","61","11","41","52","25","48","4","22","149","0.85","34"
"MATEJ BLUMEL","L","26.1","Providence Bruins","58","21","31","52","23","20","6","16","179","0.90","36"
"MATTHEW PHILLIPS","R","28.2","San Diego Gulls","71","16","36","52","-16","18","6","17","154","0.73","29"
"MATTHEW SEMINOFF","F","22.5","Texas Stars","72","24","27","51","14","24","9","10","153","0.71","28"
"NICK ABRUZZESE","L","27.1","Syracuse Crunch","56","15","36","51","11","8","2","18","86","0.91","36"
"ADAM BECKMAN","L","25.1","Bridgeport Islanders","68","30","20","50","2","36","6","9","178","0.74","29"
"CHRIS WAGNER","C","35.1","Springfield Thunderbirds","67","24","26","50","-8","61","7","14","171","0.75","30"
"GLENN GAWDIN","F","29.3","Ontario Reign","71","16","34","50","3","73","4","14","140","0.70","28"
"ISAAC HOWARD","L","22.2","Bakersfield Condors","47","24","26","50","-2","12","7","14","151","1.06","42"
"JAKE LUCCHINI","C","31.1","Milwaukee Admirals","63","17","33","50","-11","23","3","18","142","0.79","32"
"PHILIPPE DAOUST","C","24.6","Belleville Senators","63","14","36","50","-12","24","4","19","82","0.79","32"
"REM PITLICK","L","29.2","Rockford IceHogs","69","22","28","50","-26","42","6","14","106","0.72","29"
"T.J. TYNAN","F","34.3","Colorado Eagles","67","3","47","50","9","42","0","23","91","0.75","30"
"BEN HEMMERLING","F","22.2","Henderson Silver Knights","68","21","28","49","26","16","3","8","119","0.72","29"
"KAI UCHACZ","F","23.0","Henderson Silver Knights","68","20","29","49","1","52","7","15","127","0.72","29"
"MATTHEW PECA","C","33.2","Syracuse Crunch","63","12","37","49","-12","20","4","20","111","0.78","31"
"MIKAEL PYYHTIA","L","24.5","Cleveland Monsters","59","20","29","49","0","22","7","18","125","0.83","33"
"RYAN CARPENTER","C","35.4","San Diego Gulls","71","17","32","49","-9","22","6","15","123","0.69","28"
"SAM POULIN","C","25.3","Bakersfield Condors","71","21","28","49","15","55","2","8","161","0.69","28"
"TREVOR CONNELLY","F","20.3","Henderson Silver Knights","46","14","35","49","2","18","5","22","120","1.07","42"
"ANDRE LEE","F","25.9","Ontario Reign","69","27","21","48","16","47","10","16","129","0.70","28"
"BEN STEEVES","F","24.1","Charlotte Checkers","75","24","24","48","5","100","9","13","170","0.64","26"
"JEREMY DAVIES","D","29.6","Henderson Silver Knights","72","9","39","48","1","74","2","15","144","0.67","27"
"JIMMY HUNTINGTON","F","27.6","San Jose Barracuda","71","15","33","48","-3","60","5","10","118","0.68","27"
"LANE PEDERSON","C","28.9","Lehigh Valley Phantoms","63","23","25","48","-9","44","9","15","143","0.76","30"
"RYAN SUZUKI","C","25.1","Chicago Wolves","66","13","35","48","10","30","5","14","104","0.73","29"
"TRISTEN NIELSEN","F","26.3","Colorado Eagles","66","27","21","48","12","62","7","17","162","0.73","29"
"COLIN WHITE","C","29.4","San Jose Barracuda","46","21","26","47","1","28","5","12","96","1.02","41"
"LUKAS CORMIER","D","24.3","Henderson Silver Knights","49","8","39","47","2","32","5","24","121","0.96","38"
"ROBY JARVENTIE","R","23.9","Bakersfield Condors","61","23","24","47","9","30","6","10","115","0.77","31"
"RYAN UFKO","D","23.1","Milwaukee Admirals","56","11","36","47","-13","20","6","23","108","0.84","33"
"SCOTT PERUNOVICH","D","27.9","Tucson Roadrunners","64","9","38","47","4","54","1","16","90","0.73","29"
"JORDAN OESTERLE","D","34.0","Milwaukee Admirals","69","14","32","46","-15","33","3","11","146","0.67","27"
"LIAM FOUDY","F","26.4","Bridgeport Islanders","60","26","20","46","0","14","5","6","134","0.77","31"
"TYSON JUGNAUTH","D","22.2","Coachella Valley Firebirds","76","9","37","46","-4","44","2","11","124","0.61","24"
"WILLIAM STROMGREN","L","23.1","Calgary Wranglers","66","11","35","46","-2","52","4","10","82","0.70","28"
"ANTHONY RICHARD","L","29.5","Lehigh Valley Phantoms","66","18","27","45","-19","37","3","13","133","0.68","27"
"BOGDAN TRINEYEV","R","24.3","Hershey Bears","62","17","28","45","9","31","3","11","137","0.73","29"
"JACK DEVINE","F","22.7","Charlotte Checkers","66","19","26","45","16","57","4","10","146","0.68","27"
"JOSHUA ROY","L","22.9","Laval Rocket","57","23","22","45","-6","32","8","17","187","0.79","31"
"LUCA PINELLI","L","21.2","Cleveland Monsters","68","14","31","45","0","66","6","15","149","0.66","26"
"SHELDON DRIES","C","32.2","Grand Rapids Griffins","57","23","22","45","20","13","7","14","149","0.79","31"
"AIDAN MCDONOUGH","L","26.6","Wilkes-Barre/Scranton Penguins","65","23","21","44","18","24","9","14","140","0.68","27"
"ALEKSANTERI KASKIMAKI","F","22.4","Springfield Thunderbirds","64","20","24","44","-8","10","6","17","161","0.69","27"
"BRETT LEASON","R","27.2","Hershey Bears","56","14","30","44","7","47","1","8","143","0.79","31"
"COLE O'HARA","R","24.0","Milwaukee Admirals","67","19","25","44","-10","12","4","13","151","0.66","26"
"MICHAEL BRANDSEGG-NYGARD","R","20.7","Grand Rapids Griffins","60","20","24","44","17","42","7","13","147","0.73","29"
"QUENTIN MUSTY","F","21.0","San Jose Barracuda","61","21","23","44","-14","46","8","20","167","0.72","29"
"TRISTAN BROZ","F","23.7","Wilkes-Barre/Scranton Penguins","50","19","25","44","23","41","2","10","99","0.88","35"
"DOMINIC TONINATO","C","32.3","Rockford IceHogs","52","16","27","43","-8","57","3","8","131","0.83","33"
"DYLAN COGHLAN","D","28.4","Henderson Silver Knights","62","14","29","43","10","28","4","16","143","0.69","28"
"GRAEME CLARKE","R","25.2","Belleville Senators","65","20","23","43","-5","42","7","11","172","0.66","26"
"ISAK ROSEN","R","23.3","Rochester Americans","40","25","18","43","-3","6","8","17","108","1.08","43"
"LUCA CAGNONI","D","21.5","San Jose Barracuda","67","8","35","43","-9","22","3","23","162","0.64","26"
"MASON SHAW","R","27.7","Manitoba Moose","71","15","28","43","7","67","1","4","162","0.61","24"
"MATTHEW POITRAS","C","22.3","Providence Bruins","69","13","30","43","2","48","6","12","136","0.62","25"
"OLIVER WAHLSTROM","R","26.0","San Jose Barracuda","62","24","19","43","-16","45","14","26","162","0.69","28"
"AMADEUS LOMBARDI","C","23.1","Grand Rapids Griffins","47","16","26","42","11","22","0","8","118","0.89","36"
"BEN BERARD","F","27.4","Abbotsford Canucks","67","22","20","42","-9","15","1","4","125","0.63","25"
"EDUARDS TRALMAKS","L","29.4","Grand Rapids Griffins","64","26","16","42","29","14","5","7","127","0.66","26"
"FABIAN LYSELL","R","23.4","Providence Bruins","57","17","25","42","13","51","0","7","88","0.74","29"
"GERRY MAYHEW","C","33.5","Iowa Wild","60","22","20","42","-16","32","11","20","119","0.70","28"
"VINNI LETTIERI","C","31.4","Toronto Marlies","55","14","28","42","1","32","5","11","142","0.76","30"
"JACK BECKER","F","29.0","Texas Stars","71","14","27","41","16","36","1","2","118","0.58","23"
"JAMES HAMBLIN","C","27.2","Bakersfield Condors","64","27","14","41","12","32","2","2","109","0.64","26"
"JUSTIN BAILEY","R","31.0","San Diego Gulls","71","26","15","41","1","40","4","9","147","0.58","23"
"NILS AMAN","C","26.4","Abbotsford Canucks","55","6","35","41","0","16","1","15","83","0.75","30"
"TRISTAN LUNEAU","D","22.5","San Diego Gulls","70","10","31","41","-4","29","2","18","156","0.59","23"
"VILLE KOIVUNEN","L","23.0","Wilkes-Barre/Scranton Penguins","34","13","28","41","12","42","1","13","60","1.21","48"
"ATRO LEPPANEN","D","27.5","Bakersfield Condors","53","11","29","40","-5","28","5","19","115","0.75","30"
"CARTER YAKEMCHUK","D","20.7","Belleville Senators","54","10","30","40","-31","36","3","16","107","0.74","30"
"EGOR AFANASYEV","L","25.4","San Jose Barracuda","64","14","26","40","-4","59","3","13","174","0.63","25"
"KENNY CONNORS","F","23.3","Ontario Reign","65","15","25","40","18","30","2","8","118","0.62","25"
"MATTHEW HIGHMORE","C","30.3","Bridgeport Islanders","70","15","25","40","-2","24","3","8","86","0.57","23"
"PHIL TOMASINO","R","24.9","Lehigh Valley Phantoms","52","12","28","40","-4","53","3","11","117","0.77","31"
"RAFAEL HARVEY-PINARD","L","27.5","Wilkes-Barre/Scranton Penguins","66","21","19","40","20","31","2","7","105","0.61","24"
"AVERY HAYES","R","23.7","Wilkes-Barre/Scranton Penguins","42","24","15","39","10","48","8","11","143","0.93","37"
"DANIIL BUT","F","21.4","Tucson Roadrunners","41","19","20","39","1","38","6","11","126","0.95","38"
"VALTTERI PUUSTINEN","R","27.1","Colorado Eagles","59","12","27","39","7","16","3","10","121","0.66","26"
"XAVIER PARENT","F","25.3","Utica Comets","63","20","19","39","-2","80","5","9","147","0.62","25"
"ANDREW AGOZZINO","C","35.5","Tucson Roadrunners","56","19","19","38","-4","24","7","12","116","0.68","27"
"ANTON WAHLBERG","L","21.0","Rochester Americans","68","9","29","38","5","20","2","14","115","0.56","22"
"ARTEM SHLAINE","F","24.3","Texas Stars","67","19","19","38","-7","12","5","8","118","0.57","23"
"CALLE ROSEN","D","32.4","Springfield Thunderbirds","70","9","29","38","-9","26","3","17","147","0.54","22"
"DANIIL MIROMANOV","D","29.0","Calgary Wranglers","66","11","27","38","-6","26","1","6","140","0.58","23"
"DOMINIK SHINE","F","33.2","Grand Rapids Griffins","44","21","17","38","26","41","4","6","107","0.86","34"
"FREDERIC BRUNET","D","22.9","Providence Bruins","68","12","26","38","17","30","1","7","103","0.56","22"
"JUDD CAULFIELD","R","25.3","San Diego Gulls","71","17","21","38","0","14","1","2","105","0.54","21"
"LLEYTON ROED","F","23.9","Coachella Valley Firebirds","65","11","27","38","22","16","0","0","123","0.58","23"
"MITCH MCLAIN","F","32.6","Henderson Silver Knights","71","22","16","38","-5","107","7","11","158","0.54","21"
"NICOLAS AUBE-KUBEL","R","30.1","Iowa Wild","62","15","23","38","-3","59","2","6","102","0.61","24"
"RILEY FIDDLER-SCHULTZ","L","24.1","Rochester Americans","62","21","17","38","-13","32","5","13","135","0.61","24"
"SAMUEL BLAIS","L","30.0","Laval Rocket","35","14","24","38","0","62","7","18","73","1.09","43"
"BRENDAN BRISSON","F","24.7","Hartford Wolf Pack","69","19","18","37","-34","63","8","14","111","0.54","21"
"CROSS HANAS","F","24.5","Texas Stars","56","15","22","37","6","36","1","6","96","0.66","26"
"DILLON DUBE","L","27.9","Springfield Thunderbirds","46","20","17","37","-1","10","4","10","105","0.80","32"
"DYLAN GAMBRELL","C","29.8","Iowa Wild","35","10","27","37","-1","4","5","18","78","1.06","42"
"ERIK GUSTAFSSON","D","34.3","Grand Rapids Griffins","39","4","33","37","21","32","2","12","63","0.95","38"
"SAM MORTON","C","26.9","Calgary Wranglers","68","17","20","37","-16","30","0","6","154","0.54","22"
"SANDIS VILMANIS","F","22.4","Charlotte Checkers","48","17","20","37","17","26","3","9","86","0.77","31"
"TY MUELLER","C","23.3","Abbotsford Canucks","61","16","21","37","-14","30","7","14","115","0.61","24"
"WILMER SKOOG","F","27.0","Charlotte Checkers","61","18","19","37","12","51","2","6","121","0.61","24"
"ANGUS CROOKSHANK","L","26.7","Utica Comets","60","24","12","36","-16","14","5","11","160","0.60","24"
"ATLEY CALVERT","C","22.8","Wilkes-Barre/Scranton Penguins","70","16","20","36","19","28","4","5","137","0.51","20"
"BRENDAN GAUNCE","C","32.3","Cleveland Monsters","44","16","20","36","-9","18","4","12","139","0.82","33"
"BRIAN PINHO","F","31.1","Charlotte Checkers","71","14","22","36","12","16","1","5","149","0.51","20"
"CHRISTIAN KYROU","D","22.8","Lehigh Valley Phantoms","62","10","26","36","0","16","3","12","93","0.58","23"
"COOPER MARODY","F","29.5","Coachella Valley Firebirds","56","13","23","36","0","20","2","10","93","0.64","26"
"DAVID SPACEK","D","23.4","Iowa Wild","59","8","28","36","-1","16","6","16","123","0.61","24"
"DMITRI SIMASHEV","D","21.4","Tucson Roadrunners","44","8","28","36","-1","31","3","12","97","0.82","33"
"DOMENICK FENSORE","D","24.8","Chicago Wolves","64","10","26","36","2","37","2","9","161","0.56","22"
"GABE KLASSEN","C","23.0","Wilkes-Barre/Scranton Penguins","59","17","19","36","10","20","3","8","110","0.61","24"
"JACK WILLIAMS","C","24.3","Cleveland Monsters","72","15","21","36","0","14","1","5","147","0.50","20"
"JACOB GAUCHER","F","25.3","Lehigh Valley Phantoms","69","20","16","36","-10","44","3","6","104","0.52","21"
"JARET ANDERSON-DOLAN","C","26.8","Manitoba Moose","72","13","23","36","-5","58","0","2","92","0.50","20"
"RYAN TVERBERG","F","24.4","Toronto Marlies","63","14","22","36","18","36","1","2","87","0.57","23"
"TREVOR KUNTAR","L","25.0","Rochester Americans","70","21","15","36","-15","85","7","12","167","0.51","20"
"ADAM ENGSTROM","D","22.6","Laval Rocket","48","11","24","35","12","18","1","12","117","0.73","29"
"EVAN VIERLING","F","24.0","Chicago Wolves","70","16","19","35","-12","12","3","6","100","0.50","20"
"FRANCESCO PINELLI","F","23.2","Ontario Reign","65","14","21","35","16","50","1","6","113","0.54","21"
"HUNTER HAIGHT","F","22.2","Iowa Wild","58","18","17","35","-14","22","6","14","113","0.60","24"
"JACOB QUILLAN","C","24.4","Toronto Marlies","40","14","21","35","12","23","5","7","70","0.88","35"
"JURAJ PEKARCIK","F","20.8","Springfield Thunderbirds","69","11","24","35","-8","10","4","7","52","0.51","20"
"KASPER HALTTUNEN","F","20.0","San Jose Barracuda","69","16","19","35","-6","45","8","14","149","0.51","20"
"KOLE LIND","F","27.7","Texas Stars","70","11","24","35","-14","95","1","5","130","0.50","20"
"KYLE CRISCUOLO","C","34.2","Utica Comets","62","14","21","35","-8","22","4","13","114","0.56","22"
"MATYAS SAPOVALIV","F","22.4","Henderson Silver Knights","72","18","17","35","-9","8","8","11","108","0.49","19"
"NICK LARDIS","F","21.0","Rockford IceHogs","39","19","16","35","1","12","7","9","104","0.90","36"
"OWEN SILLINGER","C","28.8","Cleveland Monsters","69","15","20","35","-14","50","7","14","126","0.51","20"
"SAMUEL FAGEMO","L","26.3","Manitoba Moose","72","19","16","35","-22","22","6","12","164","0.49","19"
"TY NELSON","D","22.2","Coachella Valley Firebirds","63","12","23","35","14","26","1","7","158","0.56","22"
"ANTONIO STRANGES","F","24.4","Texas Stars","70","14","20","34","-19","12","2","10","137","0.49","19"
"BRIAN HALONEN","F","27.5","Utica Comets","54","20","14","34","-3","28","5","6","143","0.63","25"
"DANILA KLIMOVICH","R","23.5","Abbotsford Canucks","63","18","16","34","-17","62","7","14","171","0.54","22"
"DERRICK POULIOT","D","32.5","Rockford IceHogs","68","2","32","34","-16","34","1","12","97","0.50","20"
"IVAN MIROSHNICHENKO","L","22.4","Hershey Bears","41","14","20","34","-1","47","5","8","121","0.83","33"
"OSCAR FISKER MøLGAARD","F","21.4","Coachella Valley Firebirds","49","10","24","34","9","12","2","12","78","0.69","28"
"PHILLIP DI GIUSEPPE","L","32.7","Manitoba Moose","72","15","19","34","-12","74","4","8","188","0.47","19"
"RUTGER MCGROARTY","L","22.2","Wilkes-Barre/Scranton Penguins","30","10","24","34","10","9","2","9","75","1.13","45"
"SAM COLANGELO","F","24.5","San Diego Gulls","49","12","22","34","-10","25","7","14","134","0.69","28"
"WALKER DUEHR","R","28.6","Manitoba Moose","62","17","17","34","4","18","1","3","138","0.55","22"
"IGOR CHERNYSHOV","F","20.6","San Jose Barracuda","41","13","20","33","11","36","3","14","82","0.80","32"
"JANI NYMAN","F","21.9","Coachella Valley Firebirds","39","21","12","33","19","33","3","3","122","0.85","34"
"JOEY ANDERSON","R","28.0","Rockford IceHogs","52","17","16","33","-5","14","4","8","113","0.63","25"
"LOUIE BELPEDIO","D","30.1","Hershey Bears","68","9","24","33","-3","67","1","10","105","0.49","19"
"LUKE HAYMES","C","22.9","Toronto Marlies","66","18","15","33","-3","22","4","10","111","0.50","20"
"MATTHEW MAGGIO","F","23.6","Bridgeport Islanders","63","11","22","33","-2","30","3","9","132","0.52","21"
"NOEL GUNLER","R","24.7","Chicago Wolves","71","15","18","33","-15","56","4","9","120","0.46","19"
"OWEN BECK","F","22.4","Laval Rocket","58","13","20","33","6","28","2","9","110","0.57","23"
"SKYLER BRIND'AMOUR","F","26.9","Chicago Wolves","68","16","17","33","-12","36","4","7","110","0.49","19"
"DANIL GUSHCHIN","F","24.4","Colorado Eagles","49","18","14","32","6","26","7","13","158","0.65","26"
"DAVID GUSTAFSSON","C","26.2","Manitoba Moose","48","10","22","32","12","12","3","7","87","0.67","27"
"GUSTAV OLOFSSON","D","31.6","Coachella Valley Firebirds","48","4","28","32","28","28","0","0","73","0.67","27"
"HARRISON SCOTT","F","25.8","Texas Stars","72","18","14","32","-3","38","3","4","122","0.44","18"
"MARSHALL WARREN","D","25.2","Bridgeport Islanders","56","6","26","32","15","30","0","6","112","0.57","23"
"MATTEO PIETRONIRO","D","27.7","Syracuse Crunch","65","9","23","32","26","86","0","0","87","0.49","20"
"MATVEI GRIDIN","F","20.3","Calgary Wranglers","41","10","22","32","2","18","1","3","104","0.78","31"
"ROBERT MASTROSIMONE","L","25.4","Charlotte Checkers","49","13","19","32","10","40","3","6","67","0.65","26"
"TYE FELHABER","F","27.9","Colorado Eagles","63","15","17","32","5","36","2","5","172","0.51","20"
"WOJCIECH STACHOWIAK","C","27.0","Grand Rapids Griffins","48","12","20","32","9","32","2","4","96","0.67","27"
"CALEN ADDISON","D","26.2","Utica Comets","65","6","25","31","-16","32","0","8","106","0.48","19"
"CARSON MEYER","R","28.9","Rochester Americans","55","14","17","31","-14","24","6","11","110","0.56","22"
"CHRISTIAN WOLANIN","D","31.3","Providence Bruins","53","7","24","31","12","14","4","16","107","0.58","23"
"DANIEL CARR","L","34.7","Milwaukee Admirals","49","16","15","31","-18","32","10","16","89","0.63","25"
"GARRETT PILON","C","28.2","Belleville Senators","56","8","23","31","-3","8","1","2","67","0.55","22"
"HENRIK RYBINSKI","C","25.0","Hershey Bears","59","10","21","31","6","24","1","1","77","0.53","21"
"HUGH MCGING","F","28.0","Springfield Thunderbirds","66","12","19","31","-5","59","2","4","92","0.47","19"
"JAKUB BRABENEC","F","22.8","Henderson Silver Knights","62","12","19","31","4","34","2","7","90","0.50","20"
"JOSH SAMANSKI","C","24.3","Bakersfield Condors","45","8","23","31","6","40","0","4","44","0.69","27"
"MICHAEL BENNING","D","24.5","Charlotte Checkers","57","8","23","31","9","40","1","4","112","0.54","22"
"NOLAN FOOTE","L","25.6","Charlotte Checkers","54","14","17","31","2","40","2","7","142","0.57","23"
"OASIZ WIESBLATT","C","22.2","Milwaukee Admirals","67","13","18","31","-21","124","8","16","92","0.46","18"
"SAMUEL BOLDUC","D","25.6","Belleville Senators","68","6","25","31","11","24","2","11","116","0.46","18"
"VICTOR SODERSTROM","D","25.3","Providence Bruins","57","9","22","31","9","33","1","6","104","0.54","22"
"BEN JONES","C","27.3","Iowa Wild","37","11","19","30","1","26","3","9","94","0.81","32"
"BRAYDEN YAGER","C","21.5","Manitoba Moose","68","10","20","30","-15","10","3","10","108","0.44","18"
"JACK STUDNICKA","F","27.4","Charlotte Checkers","41","12","18","30","13","34","3","5","100","0.73","29"
"JARED WRIGHT","F","23.6","Ontario Reign","54","17","13","30","27","11","0","0","91","0.56","22"
"NATE SMITH","C","27.7","Charlotte Checkers","47","12","18","30","5","41","0","5","55","0.64","25"
"OLLE LYCKSELL","R","26.8","Belleville Senators","44","13","17","30","-14","20","3","10","109","0.68","27"
"WILLIAM VILLENEUVE","D","24.3","Toronto Marlies","61","3","27","30","-1","64","0","14","85","0.49","20"
"WYATT BONGIOVANNI","C","26.9","Hershey Bears","65","15","15","30","-17","32","4","8","115","0.46","18"
"ADAM SYKORA","F","21.8","Hartford Wolf Pack","62","12","17","29","0","28","0","2","120","0.47","19"
"ANTTI TUOMISTO","D","25.4","Grand Rapids Griffins","68","8","21","29","29","34","1","5","101","0.43","17"
"COLE MCWARD","D","25.1","Bridgeport Islanders","66","8","21","29","-9","24","0","6","105","0.44","18"
"COREY SCHUENEMAN","D","30.8","Hershey Bears","71","6","23","29","7","27","1","3","119","0.41","16"
"DYSIN MAYO","D","29.9","Cleveland Monsters","59","3","26","29","16","52","1","5","92","0.49","20"
"FLORIAN XHEKAJ","C","22.0","Laval Rocket","64","17","12","29","8","182","2","5","104","0.45","18"
"ISAAK PHILLIPS","D","24.8","Manitoba Moose","67","10","19","29","-2","45","0","1","136","0.43","17"
"JAKUB RYCHLOVSKY","L","24.9","Grand Rapids Griffins","67","9","20","29","23","26","0","3","78","0.43","17"
"JOAKIM KEMELL","F","22.2","Milwaukee Admirals","48","10","19","29","-21","56","6","18","107","0.60","24"
"JOEY LARSON","F","25.3","Bridgeport Islanders","63","18","11","29","-4","21","6","10","136","0.46","18"
"JUSTIN DOWLING","C","35.7","Hartford Wolf Pack","46","9","20","29","-10","4","0","7","83","0.63","25"
"NATHAN GAUCHER","C","22.6","San Diego Gulls","62","15","14","29","2","47","0","0","104","0.47","19"
"OSKAR OLAUSSON","F","23.6","Iowa Wild","63","12","17","29","-7","24","1","4","120","0.46","18"
"SAMMY WALKER","F","27.1","Tucson Roadrunners","57","12","17","29","-12","16","1","8","124","0.51","20"
"STEPHEN HALLIDAY","C","24.0","Belleville Senators","29","2","27","29","-15","16","0","15","64","1.00","40"
"TRAVIS BOYD","F","32.8","Toronto Marlies","34","10","19","29","-8","6","2","9","47","0.85","34"
"YEGOR SIDOROV","R","22.0","San Diego Gulls","68","15","14","29","-19","36","4","10","136","0.43","17"
"AATU JAMSEN","F","22.9","Ontario Reign","59","16","12","28","4","30","4","8","69","0.47","19"
"ALEX JEFFERIES","F","24.6","Bridgeport Islanders","60","9","19","28","-1","46","2","7","101","0.47","19"
"BRENDAN FURRY","L","28.0","Syracuse Crunch","58","14","14","28","-2","20","0","0","92","0.48","19"
"DANS LOCMELIS","C","22.4","Providence Bruins","43","15","13","28","16","6","4","7","91","0.65","26"
"JAMIE ENGELBERT","F","26.0","Rockford IceHogs","70","9","19","28","-12","52","1","6","120","0.40","16"
"MICHAEL KAROW","D","27.5","Texas Stars","68","10","18","28","23","25","0","0","78","0.41","16"
"NIKITA PAVLYCHEV","C","29.3","Chicago Wolves","69","14","14","28","3","50","1","4","115","0.41","16"
"ONDREJ BECHER","C","22.4","Grand Rapids Griffins","60","9","19","28","5","42","0","9","83","0.47","19"
"OWEN PICKERING","D","22.4","Wilkes-Barre/Scranton Penguins","68","7","21","28","15","28","2","4","94","0.41","16"
"REID SCHAEFER","L","22.8","Milwaukee Admirals","33","15","13","28","0","55","4","9","77","0.85","34"
"RYAN SCHMELZER","C","32.9","Utica Comets","66","4","24","28","-2","44","0","5","89","0.42","17"
"ZACH L'HEUREUX","L","23.1","Milwaukee Admirals","30","14","14","28","-3","65","6","12","81","0.93","37"
"CLARK BISHOP","C","30.3","Calgary Wranglers","72","14","13","27","-7","63","1","1","110","0.38","15"
"CURTIS MCKENZIE","F","35.4","Texas Stars","72","10","17","27","-3","71","0","1","80","0.38","15"
"ETHAN BEAR","D","29.0","Bridgeport Islanders","40","4","23","27","5","14","1","10","36","0.68","27"
"ETHAN GAUTHIER","R","21.4","Syracuse Crunch","56","12","15","27","5","10","4","9","68","0.48","19"
"FILIP MESAR","R","22.5","Laval Rocket","71","9","18","27","1","26","0","5","97","0.38","15"
"IAN MITCHELL","D","27.4","Syracuse Crunch","60","4","23","27","30","12","0","7","104","0.45","18"
"LUCAS MERCURI","C","24.3","Syracuse Crunch","67","14","13","27","17","132","2","4","99","0.40","16"
"MARC DEL GAIZO","D","26.7","Laval Rocket","63","9","18","27","23","38","1","5","127","0.43","17"
"MITCHELL STEPHENS","F","29.4","Coachella Valley Firebirds","69","12","15","27","-17","22","0","3","124","0.39","16"
"TIM WASHE","F","24.8","San Diego Gulls","40","13","14","27","1","28","2","10","89","0.68","27"
"TOPIAS VILEN","D","23.2","Utica Comets","61","4","23","27","2","24","2","10","62","0.44","18"
"TUCKER ROBERTSON","F","23.0","Lehigh Valley Phantoms","63","13","14","27","3","41","1","1","84","0.43","17"
"TYLER ANGLE","R","25.7","Grand Rapids Griffins","62","6","21","27","17","24","0","1","82","0.44","17"
"ZAYDE WISDOM","C","24.0","Lehigh Valley Phantoms","70","14","13","27","5","23","0","0","120","0.39","15"
"ALEX BUMP","F","22.6","Lehigh Valley Phantoms","36","11","15","26","-2","22","2","9","116","0.72","29"
"BRAEDEN BOWMAN","F","23.0","Henderson Silver Knights","20","12","14","26","12","6","2","6","32","1.30","52"
"CAM LUND","F","22.1","San Jose Barracuda","41","9","17","26","-2","12","1","8","96","0.63","25"
"CHASE WOUTERS","C","26.4","Abbotsford Canucks","70","11","15","26","-24","76","3","9","116","0.37","15"
"EDUARD SALE","F","21.3","Coachella Valley Firebirds","58","13","13","26","-8","14","3","5","90","0.45","18"
"GAVIN BAYREUTHER","D","32.1","Rochester Americans","63","5","21","26","4","41","1","5","121","0.41","16"
"GAVIN HAYES","F","22.1","Rockford IceHogs","57","13","13","26","-13","14","2","6","111","0.46","18"
"IVAN IVAN","F","23.9","Colorado Eagles","66","11","15","26","5","40","0","0","130","0.39","16"
"JACKSON HALLUM","F","23.8","Henderson Silver Knights","69","10","16","26","9","46","0","1","82","0.38","15"
"JAGGER JOSHUA","L","27.3","Rochester Americans","71","8","18","26","-8","101","3","5","119","0.37","15"
"JONAS RøNDBJERG","F","27.2","Henderson Silver Knights","43","13","13","26","16","12","3","5","107","0.60","24"
"JONATHAN GRUDEN","C","26.2","Utica Comets","67","12","14","26","3","59","2","2","80","0.39","15"
"JOONA KOPPANEN","C","28.3","Wilkes-Barre/Scranton Penguins","44","8","18","26","22","12","0","0","56","0.59","24"
"KEVIN KORCHINSKI","D","22.0","Rockford IceHogs","57","2","24","26","-22","48","1","9","61","0.46","18"
"LUCAS CARLSSON","D","29.0","San Jose Barracuda","58","12","14","26","4","30","5","7","145","0.45","18"
"MARC JOHNSTONE","R","30.0","Toronto Marlies","57","9","17","26","5","52","1","1","69","0.46","18"
"MATTHEW BARBOLINI","F","26.1","Toronto Marlies","62","9","17","26","-9","14","0","0","55","0.42","17"
"MATYAS MELOVSKY","F","22.1","Utica Comets","55","10","16","26","-1","31","5","13","65","0.47","19"
"MAX SZUBER","D","23.8","Tucson Roadrunners","65","11","15","26","2","67","2","6","107","0.40","16"
"PARKER FORD","R","25.9","Manitoba Moose","52","8","18","26","5","24","1","1","95","0.50","20"
"ROLAND MCKEOWN","D","30.4","San Diego Gulls","71","5","21","26","-20","44","1","11","109","0.37","15"
"SAMUEL SAVOIE","F","22.3","Rockford IceHogs","62","12","14","26","-4","47","1","2","96","0.42","17"
"TREY TAYLOR","D","24.4","Texas Stars","70","8","18","26","-1","34","1","5","95","0.37","15"
"TYLER BOUCHER","R","23.5","Belleville Senators","47","12","14","26","7","68","0","1","80","0.55","22"
"ALEXIS GENDRON","F","22.5","Providence Bruins","57","11","14","25","-17","50","4","9","142","0.44","17"
"BORIS KATCHOUK","L","28.0","Lehigh Valley Phantoms","46","11","14","25","-8","22","2","4","58","0.54","22"
"BORYA VALIS","F","22.2","Toronto Marlies","60","15","10","25","-6","41","3","6","115","0.42","17"
"BRYCE MCCONNELL-BARKER","F","22.1","Hartford Wolf Pack","69","14","11","25","-15","22","5","7","99","0.36","14"
"DAYLAN KUEFLER","F","24.4","Bridgeport Islanders","67","10","15","25","4","64","2","2","100","0.37","15"
"DYLAN ROOBROECK","F","21.9","Hartford Wolf Pack","72","10","15","25","-17","90","3","5","140","0.35","14"
"HUNTER MCKOWN","C","23.9","Cleveland Monsters","63","9","16","25","-12","38","0","0","87","0.40","16"
"JACK THOMPSON","D","24.3","Abbotsford Canucks","56","6","19","25","15","20","1","5","106","0.45","18"
"JARED DAVIDSON","F","24.0","Laval Rocket","53","16","9","25","3","59","5","7","111","0.47","19"
"JAROSLAV CHMELAR","F","22.9","Hartford Wolf Pack","46","8","17","25","-7","42","1","3","80","0.54","22"
"JOSIAH SLAVIN","L","27.5","Chicago Wolves","69","6","19","25","1","26","0","0","71","0.36","14"
"JUSTIN PEARSON","L","28.1","Cleveland Monsters","56","12","13","25","8","39","0","0","94","0.45","18"
"KALE CLAGUE","D","28.1","Manitoba Moose","67","9","16","25","-15","38","1","6","143","0.37","15"
"LASSI THOMSON","D","25.8","Belleville Senators","55","14","11","25","1","54","2","3","116","0.45","18"
"LENNI HAMEENAHO","F","21.6","Utica Comets","37","9","16","25","-11","12","3","11","76","0.68","27"
"NICK CICEK","D","26.1","Calgary Wranglers","70","7","18","25","-10","119","0","0","79","0.36","14"
"RILEY HEIDT","C","21.3","Iowa Wild","71","8","17","25","-14","38","0","4","61","0.35","14"
"ROMAN AHCAN","L","27.3","Cleveland Monsters","67","16","9","25","4","81","0","0","118","0.37","15"
"TREVOR CARRICK","D","32.0","Charlotte Checkers","59","5","20","25","13","69","1","6","134","0.42","17"
"ALEX SUZDALEV","R","22.3","Hershey Bears","41","10","14","24","-1","4","1","5","43","0.59","23"
"ARSHDEEP BAINS","L","25.5","Abbotsford Canucks","34","11","13","24","-1","22","2","3","82","0.71","28"
"AUSTIN WATSON","R","34.5","Grand Rapids Griffins","62","12","12","24","2","146","3","6","96","0.39","15"
"AYDAR SUNIEV","L","21.6","Calgary Wranglers","57","16","8","24","-28","14","7","8","92","0.42","17"
"CORSON CEULEMANS","D","23.2","Cleveland Monsters","64","8","16","24","-14","43","0","0","151","0.38","15"
"DANNY ZHILKIN","C","22.5","Manitoba Moose","62","12","12","24","-11","21","1","2","131","0.39","15"
"DYLAN PETERSON","F","24.5","Springfield Thunderbirds","57","12","12","24","-13","85","0","0","72","0.42","17"
"J.R. AVON","F","23.0","Coachella Valley Firebirds","45","10","14","24","3","12","1","3","70","0.53","21"
"JEAN-LUC FOUDY","R","24.1","Iowa Wild","68","5","19","24","-12","32","2","5","100","0.35","14"
"JOHN HAYDEN","F","31.4","Coachella Valley Firebirds","67","12","12","24","-7","127","1","1","114","0.36","14"
"KARSEN DORWART","F","23.8","Lehigh Valley Phantoms","70","10","14","24","-12","20","5","7","100","0.34","14"
"KEVIN ROONEY","C","33.1","Tucson Roadrunners","44","12","12","24","-3","8","4","7","77","0.55","22"
"KOEHN ZIEMMER","F","21.6","Ontario Reign","57","11","13","24","10","27","2","3","81","0.42","17"
"MAXENCE GUENETTE","D","25.2","Lehigh Valley Phantoms","46","2","22","24","-6","19","0","6","65","0.52","21"
"NIKOLAS BROUILLARD","D","31.4","San Diego Gulls","67","4","20","24","4","59","0","3","101","0.36","14"
"OLIVIER NADEAU","R","23.5","Rochester Americans","56","12","12","24","-9","20","4","7","93","0.43","17"
"PATRICK GILES","F","26.5","San Jose Barracuda","67","10","14","24","-14","14","0","1","126","0.36","14"
"TAYLOR MAKAR","F","25.3","Colorado Eagles","52","14","10","24","12","56","1","1","92","0.46","18"
"TRISTAN ALLARD","C","24.0","Syracuse Crunch","70","7","17","24","-4","71","0","1","90","0.34","14"
"TRISTAN BERTUCCI","D","21.0","Texas Stars","63","5","19","24","7","53","1","6","77","0.38","15"
"VIKTOR NEUCHEV","R","22.7","Chicago Wolves","64","10","14","24","-3","16","3","9","103","0.38","15"
"BRENNAN OTHMANN","L","23.5","Calgary Wranglers","40","9","14","23","-15","62","1","5","77","0.58","23"
"BRETT CHORSKE","F","25.1","Charlotte Checkers","62","11","12","23","1","14","0","1","76","0.37","15"
"CASEY FITZGERALD","D","29.3","Hartford Wolf Pack","71","4","19","23","-5","85","1","3","97","0.32","13"
"DAVID JIRICEK","D","22.6","Lehigh Valley Phantoms","39","4","19","23","-22","25","2","8","103","0.59","24"
"DAVID REINBACHER","D","21.7","Laval Rocket","57","5","18","23","18","56","0","6","86","0.40","16"
"ETHAN EDWARDS","D","24.1","Utica Comets","69","10","13","23","-6","69","0","1","92","0.33","13"
"GRACYN SAWCHYN","C","21.4","Charlotte Checkers","35","6","17","23","12","12","1","7","44","0.66","26"
"HUNTER DREW","R","27.7","Bridgeport Islanders","62","12","11","23","-4","141","5","7","102","0.37","15"
"ISAAC RATCLIFFE","L","27.4","Milwaukee Admirals","58","9","14","23","3","61","2","5","91","0.40","16"
"JAKE SCHMALTZ","C","25.2","Providence Bruins","64","9","14","23","9","10","0","0","69","0.36","14"
"JUUSO VALIMAKI","D","27.7","Chicago Wolves","27","7","16","23","5","12","2","8","47","0.85","34"
"KEVIN LOMBARDI","F","27.9","Rockford IceHogs","45","13","10","23","-1","34","4","7","90","0.51","20"
"NOAH CHADWICK","D","21.1","Toronto Marlies","68","5","18","23","-2","38","0","5","77","0.34","13"
"RHETT PITLICK","R","25.4","Bakersfield Condors","60","8","15","23","-7","26","0","2","55","0.38","15"
"SEAN BEHRENS","D","23.2","Colorado Eagles","55","5","18","23","9","22","0","3","52","0.42","17"
"SHANE LACHANCE","F","22.8","Utica Comets","62","9","14","23","-19","18","4","8","98","0.37","15"
"STIAN SOLBERG","D","20.5","San Diego Gulls","71","12","11","23","-16","102","2","4","126","0.32","13"
"TANNER MOLENDYK","D","21.4","Milwaukee Admirals","60","4","19","23","-10","14","0","6","66","0.38","15"
"TY TULLIO","R","24.2","Tucson Roadrunners","50","9","14","23","6","38","0","1","81","0.46","18"
"WYATT AAMODT","D","28.6","Colorado Eagles","65","4","19","23","28","34","0","1","105","0.35","14"
"AIDAN THOMPSON","F","24.4","Hartford Wolf Pack","58","8","14","22","-10","22","0","2","98","0.38","15"
"AKIL THOMAS","F","26.5","Springfield Thunderbirds","39","9","13","22","-6","16","1","6","59","0.56","22"
"BEN GLEASON","D","28.3","Iowa Wild","59","2","20","22","-20","23","1","7","85","0.37","15"
"CEDRIC PARE","F","27.4","Toronto Marlies","62","7","15","22","-6","51","3","5","77","0.35","14"
"DAMIEN CARFAGNA","D","23.5","Bakersfield Condors","66","7","15","22","17","24","2","3","106","0.33","13"
"DAVID EDSTROM","C","21.4","Milwaukee Admirals","53","8","14","22","8","28","2","4","66","0.42","17"
"HENRY THRUN","D","25.3","Toronto Marlies","55","5","17","22","-2","37","1","4","79","0.40","16"
"JAKE LESCHYSHYN","C","27.3","Rochester Americans","66","13","9","22","-17","22","7","10","79","0.33","13"
"JAN MYSAK","C","24.0","San Diego Gulls","56","10","12","22","3","31","2","2","125","0.39","16"
"JOEY ABATE","L","27.8","Providence Bruins","65","8","14","22","11","96","1","1","108","0.34","13"
"JOEY WILLIS","L","21.3","Milwaukee Admirals","56","8","14","22","-10","18","1","8","78","0.39","16"
"MATT STROME","C","27.5","Hershey Bears","55","8","14","22","0","30","1","3","63","0.40","16"
"RONAN SEELEY","D","23.9","Chicago Wolves","69","11","11","22","-8","8","2","5","99","0.32","13"
"WILL BUTCHER","D","31.5","Cleveland Monsters","62","3","19","22","-18","12","1","8","77","0.35","14"
"BRETT BERARD","F","23.8","Hartford Wolf Pack","41","7","14","21","-15","53","2","6","124","0.51","20"
"BRETT HARRISON","R","23.0","Lehigh Valley Phantoms","58","10","11","21","2","8","3","5","59","0.36","14"
"CHRIS TERRY","F","37.2","Bridgeport Islanders","56","9","12","21","-4","21","1","6","80","0.38","15"
"FINN HARDING","D","21.3","Wilkes-Barre/Scranton Penguins","54","4","17","21","31","42","0","0","63","0.39","15"
"GABRIEL SEGER","L","26.6","Grand Rapids Griffins","70","8","13","21","12","20","1","1","71","0.30","12"
"JASON POLIN","F","27.0","Colorado Eagles","46","10","11","21","3","10","3","5","100","0.46","18"
"JOE HICKETTS","D","30.2","Ontario Reign","67","4","17","21","1","61","1","6","90","0.31","12"
"JORIAN DONOVAN","D","22.2","Belleville Senators","61","4","17","21","-14","89","0","0","47","0.34","14"
"JUSTIN KIRKLAND","C","29.9","Calgary Wranglers","42","11","10","21","-10","32","6","7","96","0.50","20"
"MAXIM GROSHEV","D","24.5","Syracuse Crunch","58","3","18","21","16","22","0","4","100","0.36","14"
"MIKE HARDMAN","L","27.4","Utica Comets","58","11","10","21","-11","12","5","7","118","0.36","14"
"NOEL NORDH","F","21.4","Tucson Roadrunners","60","6","15","21","-9","10","2","6","46","0.35","14"
"NOLAN ALLAN","D","23.2","San Jose Barracuda","64","4","17","21","-12","67","0","3","76","0.33","13"
"RIESE GABER","F","26.7","Charlotte Checkers","49","9","12","21","11","38","0","2","56","0.43","17"
"SAWYER MYNIO","D","21.2","Abbotsford Canucks","58","3","18","21","-18","42","1","11","81","0.36","14"
"TAYLOR WARD","F","28.2","Ontario Reign","32","12","9","21","1","23","3","6","76","0.66","26"
"THOMAS BORDELEAU","F","24.5","Springfield Thunderbirds","60","9","12","21","-20","53","3","6","85","0.35","14"
"VILLE HEINOLA","D","25.3","Manitoba Moose","44","3","18","21","-2","24","0","5","89","0.48","19"
"WILLIAM LAGESSON","D","30.4","Grand Rapids Griffins","61","3","18","21","33","36","0","1","95","0.34","14"
"CAEDAN BANKIER","C","23.4","Iowa Wild","66","10","10","20","-13","18","2","5","121","0.30","12"
"CAM BERG","F","24.4","Bridgeport Islanders","53","8","12","20","-9","30","0","1","69","0.38","15"
"CAM DINEEN","D","28.0","Bakersfield Condors","40","3","17","20","-4","22","0","4","92","0.50","20"
"JONATHAN LEKKERIMAKI","R","21.9","Abbotsford Canucks","21","13","7","20","5","8","3","5","73","0.95","38"
"KIRILL KUDRYAVTSEV","D","22.4","Abbotsford Canucks","44","2","18","20","-15","4","0","10","57","0.45","18"
"MARC-ANDRE GAUDET","D","22.7","Springfield Thunderbirds","53","6","14","20","-12","12","3","7","82","0.38","15"
"MATT DUMBA","D","31.9","Wilkes-Barre/Scranton Penguins","27","6","14","20","3","43","1","4","50","0.74","30"
"NATHAN LEGARE","R","25.5","Utica Comets","65","13","7","20","-9","76","0","0","119","0.31","12"
"SCOTT MORROW","D","23.7","Hartford Wolf Pack","34","5","15","20","-16","69","1","8","92","0.59","23"
"TUOMAS URONEN","F","21.3","Henderson Silver Knights","57","12","8","20","2","34","2","3","101","0.35","14"
"TY GALLAGHER","D","23.3","Providence Bruins","43","7","13","20","6","26","0","0","67","0.47","19"
"WILLIAM TRUDEAU","D","23.7","Laval Rocket","62","8","12","20","3","54","0","0","106","0.32","13"
"ALEKSI HEIMOSALMI","D","23.1","Chicago Wolves","52","4","15","19","10","40","0","2","58","0.37","15"
"ANGUS BOOTH","D","22.2","Ontario Reign","61","1","18","19","12","40","0","0","47","0.31","12"
"ARTTU HYRY","C","25.2","Texas Stars","27","9","10","19","-1","13","2","4","61","0.70","28"
"CARSON LAMBOS","D","23.5","Iowa Wild","70","8","11","19","-4","48","0","0","111","0.27","11"
"CARSON REHKOPF","F","21.5","Coachella Valley Firebirds","69","14","5","19","-4","24","1","2","99","0.28","11"
"DANTON HEINEN","L","31.0","Cleveland Monsters","13","6","13","19","10","6","3","5","22","1.46","58"
"GABRIEL SZTURC","C","22.8","Syracuse Crunch","60","9","10","19","-2","22","3","3","62","0.32","13"
"GUILLAUME RICHARD","D","23.4","Cleveland Monsters","70","7","12","19","20","20","0","0","85","0.27","11"
"JACK RATHBONE","D","27.1","Rochester Americans","49","5","14","19","-17","26","0","6","96","0.39","15"
"JACOB MELANSON","F","23.2","Coachella Valley Firebirds","28","9","10","19","9","28","1","1","65","0.68","27"
"JAKUB STANCL","F","21.2","Springfield Thunderbirds","60","9","10","19","-15","14","1","4","74","0.32","13"
"LUKAS REICHEL","C","24.1","Providence Bruins","27","7","12","19","4","0","0","6","39","0.70","28"
"MAVERIC LAMOUREUX","D","22.5","Tucson Roadrunners","65","5","14","19","8","75","0","0","105","0.29","12"
"NIKITA NOVIKOV","D","22.9","Ontario Reign","64","6","13","19","12","52","0","0","63","0.30","12"
"OLIVER BONK","D","21.5","Lehigh Valley Phantoms","46","6","13","19","-14","22","2","6","66","0.41","16"
"OWEN ALLARD","F","22.5","Tucson Roadrunners","69","8","11","19","-6","16","0","0","79","0.28","11"
"RILEY DURAN","R","24.4","Providence Bruins","72","7","12","19","19","22","0","0","115","0.26","11"
"RYAN JOHNSON","D","24.9","Rochester Americans","56","5","14","19","-12","40","1","1","78","0.34","14"
"SCOTT HARRINGTON","D","33.3","Belleville Senators","68","3","16","19","-10","29","0","2","53","0.28","11"
"WILLIAM WALLINDER","D","23.9","Grand Rapids Griffins","67","2","17","19","22","23","0","3","75","0.28","11"
"CAL FOOTE","D","27.5","Chicago Wolves","48","4","14","18","10","20","0","0","61","0.38","15"
"CONNOR MACKEY","D","29.8","Hartford Wolf Pack","62","5","13","18","-13","87","0","4","124","0.29","12"
"DANIEL D'AMATO","L","25.2","Bakersfield Condors","68","7","11","18","1","30","0","0","95","0.26","11"
"ETHAN SAMSON","D","22.9","Syracuse Crunch","40","5","13","18","4","24","0","1","84","0.45","18"
"GRANT CRUIKSHANK","C","27.9","Hershey Bears","67","10","8","18","-14","45","0","0","110","0.27","11"
"HUDSON FASCHING","R","30.9","Cleveland Monsters","65","7","11","18","-5","12","0","0","83","0.28","11"
"HUNTER SKINNER","D","25.2","Springfield Thunderbirds","60","7","11","18","1","61","0","1","109","0.30","12"
"ISAIAH GEORGE","D","22.4","Bridgeport Islanders","47","2","16","18","9","20","0","2","50","0.38","15"
"JACK HUGHES","F","22.7","Ontario Reign","60","5","13","18","0","26","1","3","46","0.30","12"
"JAMES MALATESTA","L","23.1","Cleveland Monsters","57","10","8","18","-1","87","0","1","103","0.32","13"
"JEREMIE POIRIER","D","24.1","Texas Stars","51","5","13","18","-17","33","0","5","88","0.35","14"
"JIMMY SCHULDT","D","31.1","Abbotsford Canucks","70","3","15","18","-22","59","1","4","119","0.26","10"
"JOHN FARINACCI","C","25.4","Providence Bruins","68","9","9","18","-5","8","1","3","95","0.26","11"
"JORDAN DUMAIS","R","22.2","Cleveland Monsters","46","7","11","18","-11","8","2","7","63","0.39","16"
"MAX JONES","L","28.4","Bakersfield Condors","39","10","8","18","3","61","3","4","81","0.46","18"
"MIKULAS HOVORKA","D","25.0","Charlotte Checkers","57","5","13","18","23","46","0","0","79","0.32","13"
"NICO MYATOVIC","L","21.6","San Diego Gulls","71","7","11","18","6","28","2","2","87","0.25","10"
"OSKAR PETTERSSON","R","24.4","Belleville Senators","69","9","9","18","-11","16","0","1","67","0.26","10"
"SEAMUS CASEY","D","22.5","Utica Comets","29","1","17","18","-12","13","1","10","49","0.62","25"
"TYSON HINDS","D","23.3","San Diego Gulls","62","5","13","18","16","21","0","0","91","0.29","12"
"BILLY SWEEZEY","D","30.4","Providence Bruins","69","1","16","17","21","84","0","0","77","0.25","10"
"CAM THIESING","F","25.3","Bridgeport Islanders","63","9","8","17","3","47","0","0","84","0.27","11"
"DYLAN ANHORN","D","27.4","Manitoba Moose","46","3","14","17","5","18","0","4","60","0.37","15"
"ETHAN DEL MASTRO","D","23.5","Rockford IceHogs","45","2","15","17","1","34","1","1","62","0.38","15"
"GABE PERREAULT","F","21.1","Hartford Wolf Pack","20","10","7","17","5","14","1","2","34","0.85","34"
"JAKE LIVINGSTONE","D","27.2","Charlotte Checkers","52","3","14","17","12","24","0","0","78","0.33","13"
"JAMIESON REES","L","25.3","Belleville Senators","61","5","12","17","-6","48","0","1","62","0.28","11"
"JAN JENIK","F","25.8","Ontario Reign","43","9","8","17","0","29","1","2","63","0.40","16"
"KEEAN WASHKURAK","C","24.9","Belleville Senators","62","9","8","17","-11","107","1","1","48","0.27","11"
"LUCAS CONDOTTA","L","28.6","Laval Rocket","70","8","9","17","5","94","1","1","73","0.24","10"
"MICHAL KUNC","F","25.7","Tucson Roadrunners","43","8","9","17","-5","10","0","2","52","0.40","16"
"NIKITA CHIBRIKOV","L","23.4","Manitoba Moose","53","6","11","17","-19","28","2","3","97","0.32","13"
"NOAH GREGOR","C","27.9","Charlotte Checkers","26","11","6","17","6","4","1","2","89","0.65","26"
"NOAH PHILP","C","27.8","Chicago Wolves","29","8","9","17","5","17","1","2","43","0.59","23"
"RILEY STILLMAN","D","28.3","Bakersfield Condors","51","3","14","17","-3","81","0","0","58","0.33","13"
"ROBBIE RUSSO","D","33.4","Tucson Roadrunners","59","5","12","17","-3","22","1","3","95","0.29","11"
"RONNIE ATTARD","D","27.3","Colorado Eagles","44","4","13","17","3","38","1","1","96","0.39","15"
"SEAN DAY","D","28.5","Bridgeport Islanders","61","3","14","17","-8","4","0","1","57","0.28","11"
"AARON HUGLEN","R","25.3","Wilkes-Barre/Scranton Penguins","50","6","10","16","-3","20","0","1","84","0.32","13"
"ANTHONY VINCENT","F","28.9","San Jose Barracuda","65","9","7","16","-6","111","0","0","121","0.25","10"
"ANTON BLIDH","F","31.3","Hartford Wolf Pack","64","8","8","16","-19","56","1","1","102","0.25","10"
"AUSTIN STRAND","D","29.4","Utica Comets","49","4","12","16","-7","47","0","0","68","0.33","13"
"CAM SQUIRES","F","21.2","Utica Comets","47","6","10","16","3","15","1","3","55","0.34","14"
"CARTER MAZUR","R","24.3","Grand Rapids Griffins","16","11","5","16","4","14","2","3","34","1.00","40"
"CHASE PIETILA","D","22.3","Wilkes-Barre/Scranton Penguins","66","2","14","16","27","85","0","1","97","0.24","10"
"COLBY BARLOW","R","21.4","Manitoba Moose","65","8","8","16","-3","18","0","2","88","0.25","10"
"DENVER BARKEY","F","21.2","Lehigh Valley Phantoms","26","7","9","16","-2","20","2","5","46","0.62","25"
"LOGAN BROWN","F","28.3","Ontario Reign","31","1","15","16","4","8","1","9","34","0.52","21"
"LUCA MARRELLI","D","20.7","Cleveland Monsters","32","4","12","16","-14","10","4","13","54","0.50","20"
"LUKE KRYS","D","25.8","Texas Stars","40","7","9","16","1","30","0","0","50","0.40","16"
"LUKE TOPOROWSKI","R","25.2","Colorado Eagles","38","8","8","16","4","48","2","3","63","0.42","17"
"MICHAEL CALLAHAN","D","26.8","Providence Bruins","56","2","14","16","30","27","0","1","52","0.29","11"
"OTTO STENBERG","F","21.1","Springfield Thunderbirds","36","3","13","16","2","6","0","5","46","0.44","18"
"RYAN CHESLEY","D","22.3","Hershey Bears","64","6","10","16","-18","18","1","3","88","0.25","10"
"TANNER HOWE","L","20.6","Wilkes-Barre/Scranton Penguins","27","8","8","16","6","43","0","1","39","0.59","24"
"TRAVIS MITCHELL","D","26.6","Bridgeport Islanders","58","1","15","16","3","87","0","0","75","0.28","11"
"TYLER THORPE","R","20.9","Laval Rocket","68","4","12","16","1","77","0","2","69","0.24","9"
"VILIAM KMEC","D","22.5","Henderson Silver Knights","65","4","12","16","12","27","0","0","77","0.25","10"
"VILLE OTTAVAINEN","D","23.9","Coachella Valley Firebirds","53","3","13","16","12","71","0","0","92","0.30","12"
"ZACH ASTON-REESE","L","31.9","Cleveland Monsters","27","8","8","16","3","32","1","1","51","0.59","24"
"ALEX KANNOK LEIPERT","D","25.9","Grand Rapids Griffins","64","2","13","15","14","51","0","0","56","0.23","9"
"CAL BURKE","C","29.3","San Diego Gulls","58","5","10","15","-8","4","2","2","70","0.26","10"
"CARL GRUNDSTROM","F","28.6","Lehigh Valley Phantoms","19","6","9","15","5","6","3","5","54","0.79","31"
"DMITRY KUZMIN","D","23.2","Rockford IceHogs","46","6","9","15","1","11","2","3","47","0.33","13"
"ETHAN CARDWELL","F","23.8","San Jose Barracuda","24","7","8","15","2","17","1","2","57","0.63","25"
"GARRETT WILSON","L","35.3","Lehigh Valley Phantoms","54","4","11","15","-2","101","0","0","57","0.28","11"
"JACK PEART","D","23.1","Iowa Wild","61","4","11","15","-22","24","1","4","70","0.25","10"
"JOE FLEMING","F","23.0","Henderson Silver Knights","60","4","11","15","-8","158","0","0","45","0.25","10"
"KYLE MARINO","R","31.1","Milwaukee Admirals","69","6","9","15","-3","174","1","1","76","0.22","9"
"MARTIN MISIAK","F","21.7","Rockford IceHogs","63","4","11","15","-6","29","0","1","63","0.24","9"
"MATT BENNING","D","32.1","Toronto Marlies","34","3","12","15","7","23","0","0","48","0.44","18"
"MATTIAS HAVELID","D","25.5","San Jose Barracuda","44","5","10","15","2","16","1","7","52","0.34","14"
"NATE DANIELSON","C","21.8","Grand Rapids Griffins","18","3","12","15","7","4","0","3","35","0.83","33"
"NIKITA NESTERENKO","L","24.8","San Diego Gulls","35","5","10","15","-7","22","0","0","46","0.43","17"
"OSCAR EKLIND","F","28.0","Lehigh Valley Phantoms","49","9","6","15","4","24","0","1","51","0.31","12"
"REESE JOHNSON","R","28.0","Toronto Marlies","47","6","9","15","-2","39","0","0","66","0.32","13"
"TYLER PITLICK","F","34.7","Iowa Wild","20","10","5","15","-6","0","3","4","44","0.75","30"
"ZACH METSA","D","27.7","Rochester Americans","19","2","13","15","4","4","1","5","38","0.79","31"
"ALEX DOUCET","L","24.5","Grand Rapids Griffins","53","8","6","14","9","14","0","0","44","0.26","11"
"ANDREI LOSHKO","F","21.7","Coachella Valley Firebirds","51","5","9","14","3","16","0","0","32","0.27","11"
"BRAD LAMBERT","F","22.5","Manitoba Moose","34","6","8","14","-10","18","2","3","68","0.41","16"
"CAREY TERRANCE","F","21.1","Hartford Wolf Pack","41","6","8","14","-2","30","0","0","45","0.34","14"
"CARTER KING","C","24.8","Calgary Wranglers","66","5","9","14","-12","8","0","1","68","0.21","8"
"DOMINIK BADINKA","D","20.6","Chicago Wolves","68","6","8","14","4","16","0","0","78","0.21","8"
"HELGE GRANS","D","24.1","Lehigh Valley Phantoms","61","3","11","14","-13","29","1","3","81","0.23","9"
"JUSTIN HOLL","D","34.4","Grand Rapids Griffins","41","2","12","14","19","10","0","0","41","0.34","14"
"KEATON MIDDLETON","D","28.4","Colorado Eagles","66","4","10","14","17","63","0","0","84","0.21","8"
"LUKE TUCH","L","24.3","Laval Rocket","68","9","5","14","3","82","0","0","69","0.21","8"
"MARC MCLAUGHLIN","F","26.9","Utica Comets","23","6","8","14","4","6","0","0","27","0.61","24"
"PIERRICK DUBE","R","25.5","Bridgeport Islanders","24","5","9","14","0","12","0","2","36","0.58","23"
"RYAN MAST","D","23.5","Rockford IceHogs","46","0","14","14","2","18","0","0","51","0.30","12"
"RYDER ROLSTON","F","24.7","Milwaukee Admirals","54","8","6","14","-1","12","0","2","113","0.26","10"
"SAM RINZEL","D","22.0","Rockford IceHogs","23","2","12","14","-8","16","1","4","68","0.61","24"
"SEBASTIAN AHO","D","30.4","Wilkes-Barre/Scranton Penguins","29","2","12","14","9","18","0","6","32","0.48","19"
"SHAI BUIUM","D","23.3","Grand Rapids Griffins","36","3","11","14","-2","8","1","4","40","0.39","15"
"THEO LINDSTEIN","D","21.5","Springfield Thunderbirds","59","6","8","14","-19","18","1","3","62","0.24","9"
"ZACH DEAN","F","23.5","Springfield Thunderbirds","36","4","10","14","-2","28","0","1","45","0.39","15"
"ALEX ALEXEYEV","D","26.6","Wilkes-Barre/Scranton Penguins","38","3","10","13","7","21","0","0","51","0.34","14"
"ALEX GAGNE","D","23.9","Colorado Eagles","58","1","12","13","13","53","0","0","66","0.22","9"
"ANDREAS ENGLUND","D","30.4","Milwaukee Admirals","53","3","10","13","4","65","0","0","50","0.25","10"
"ANDREW GIBSON","D","21.4","Milwaukee Admirals","71","2","11","13","-3","80","0","0","109","0.18","7"
"ARTEM DUDA","D","22.2","Tucson Roadrunners","27","2","11","13","6","22","1","4","51","0.48","19"
"BEN MEYERS","F","27.6","Coachella Valley Firebirds","11","9","4","13","2","2","2","4","34","1.18","47"
"DAVID GUCCIARDI","D","23.7","Hershey Bears","52","3","10","13","3","55","0","1","53","0.25","10"
"DENNIS GILBERT","D","29.7","Belleville Senators","37","0","13","13","0","33","0","1","22","0.35","14"
"DEVIN KAPLAN","F","22.5","Lehigh Valley Phantoms","49","5","8","13","-13","62","0","1","39","0.27","11"
"DONAVAN HOULE","F","26.7","San Jose Barracuda","39","4","9","13","-3","31","0","0","58","0.33","13"
"HUNTER BRZUSTEWICZ","D","21.6","Calgary Wranglers","34","4","9","13","-5","8","1","5","54","0.38","15"
"HUNTER ST. MARTIN","F","21.0","Charlotte Checkers","46","5","8","13","4","33","1","1","62","0.28","11"
"JOSH BROWN","D","32.4","Bakersfield Condors","57","2","11","13","1","78","0","0","55","0.23","9"
"KADEN HAMMELL","D","21.3","Coachella Valley Firebirds","44","6","7","13","14","30","0","0","65","0.30","12"
"KIRILL KIRSANOV","D","23.8","Ontario Reign","68","4","9","13","9","10","0","0","52","0.19","8"
"MARK SENDEN","F","28.4","Colorado Eagles","53","4","9","13","5","22","0","0","65","0.25","10"
"MATHIEU CATAFORD","F","21.3","Henderson Silver Knights","59","3","10","13","-19","24","0","0","70","0.22","9"
"SONNY MILANO","L","30.1","Hershey Bears","16","5","8","13","1","0","2","4","36","0.81","32"
"TURNER OTTENBREIT","D","29.0","Calgary Wranglers","57","3","10","13","-6","62","0","0","71","0.23","9"
"ASHTON SAUTNER","D","32.1","Manitoba Moose","68","3","9","12","3","48","0","0","59","0.18","7"
"AYRTON MARTINO","F","23.8","Texas Stars","41","2","10","12","-7","4","0","0","29","0.29","12"
"BRADEN HACHE","D","23.1","San Jose Barracuda","72","3","9","12","3","120","0","0","80","0.17","7"
"BRADLEY MAREK","F","25.6","Iowa Wild","59","7","5","12","-4","70","1","1","56","0.20","8"
"CALEB MACDONALD","D","23.6","Cleveland Monsters","58","3","9","12","-6","74","0","0","45","0.21","8"
"CHASE BRADLEY","F","24.5","Colorado Eagles","42","9","3","12","7","46","0","0","76","0.29","11"
"GAVIN WHITE","D","23.6","Calgary Wranglers","51","3","9","12","-12","16","0","1","97","0.24","9"
"JACOB MACDONALD","D","33.3","Colorado Eagles","17","4","8","12","-2","2","2","4","60","0.71","28"
"JON MCDONALD","D","28.0","Hershey Bears","60","3","9","12","-2","38","0","0","52","0.20","8"
"JULIAN LUTZ","F","22.3","Tucson Roadrunners","55","5","7","12","-9","58","0","0","38","0.22","9"
"JULIEN GAUTHIER","R","28.7","Springfield Thunderbirds","25","7","5","12","2","10","1","2","42","0.48","19"
"LUKE PROKOP","D","24.1","Bakersfield Condors","42","3","9","12","-4","20","0","1","52","0.29","11"
"LUKE ROWE","D","27.9","Bridgeport Islanders","62","2","10","12","7","91","0","0","68","0.19","8"
"MAREK ALSCHER","D","22.2","Charlotte Checkers","52","3","9","12","17","32","0","0","54","0.23","9"
"MATT KIERSTED","D","28.2","Iowa Wild","49","4","8","12","2","38","0","0","115","0.24","10"
"MATVEY PETROV","R","23.3","Bakersfield Condors","38","5","7","12","-2","4","1","1","40","0.32","13"
"NIKITA PRISHCHEPOV","F","22.4","Colorado Eagles","22","3","9","12","3","28","0","0","23","0.55","22"
"PAVOL REGENDA","L","26.6","San Jose Barracuda","28","4","8","12","-3","16","0","2","56","0.43","17"
"RYAN MCGREGOR","C","27.4","Tucson Roadrunners","35","2","10","12","1","14","0","0","36","0.34","14"
"SPENCER SMALLMAN","C","29.8","Hershey Bears","24","4","8","12","2","15","2","4","33","0.50","20"
"TOBIAS BJORNFOT","D","25.2","Charlotte Checkers","33","4","8","12","10","10","0","0","49","0.36","14"
"VICTOR MANCINI","D","24.1","Abbotsford Canucks","33","4","8","12","1","16","2","2","52","0.36","14"
"VSEVOLOD KOMAROV","D","22.5","Rochester Americans","55","4","8","12","-2","60","0","0","102","0.22","9"
"XAVIER SIMONEAU","C","25.1","Laval Rocket","43","4","8","12","8","56","0","0","25","0.28","11"
"ALEC REGULA","D","25.9","Bakersfield Condors","20","4","7","11","-3","25","1","2","38","0.55","22"
"BENNETT SCHIMEK","R","23.2","Abbotsford Canucks","13","5","6","11","-4","4","1","3","29","0.85","34"
"BRANDON SCANLIN","D","27.1","Hartford Wolf Pack","49","4","7","11","-5","54","0","1","56","0.22","9"
"BRENDAN HOFFMANN","F","24.7","San Jose Barracuda","23","5","6","11","1","2","0","1","41","0.48","19"
"BRENDAN WARREN","R","29.1","Rochester Americans","63","5","6","11","-8","28","0","0","49","0.17","7"
"COLE CLAYTON","D","26.3","Abbotsford Canucks","65","2","9","11","-9","48","0","0","56","0.17","7"
"DECLAN CARLILE","D","26.1","Syracuse Crunch","16","2","9","11","1","27","1","7","46","0.69","27"
"GLEB TRIKOZOV","L","21.9","Chicago Wolves","46","7","4","11","-3","33","0","0","61","0.24","10"
"HAYDEN HODGSON","R","30.3","Belleville Senators","48","6","5","11","-13","134","0","0","47","0.23","9"
"JAKE WISE","F","26.3","Colorado Eagles","47","2","9","11","2","14","0","1","50","0.23","9"
"KEVIN GRAVEL","D","34.3","Milwaukee Admirals","67","2","9","11","-15","41","0","0","85","0.16","7"
"LANDEN HOOKEY","C","22.4","Belleville Senators","49","5","6","11","3","52","1","1","36","0.22","9"
"LUDVIG JANSSON","D","22.5","Charlotte Checkers","31","3","8","11","0","12","1","4","35","0.35","14"
"LUKAS DRAGICEVIC","D","21.2","Coachella Valley Firebirds","43","1","10","11","-4","22","0","1","36","0.26","10"
"MACKENZIE ENTWISTLE","R","27.0","Charlotte Checkers","49","5","6","11","7","41","0","0","52","0.22","9"
"MAROS JEDLICKA","F","23.7","Colorado Eagles","43","5","6","11","4","32","0","0","29","0.26","10"
"MICHAEL BUCHINGER","D","22.2","Springfield Thunderbirds","58","6","5","11","-6","32","1","1","80","0.19","8"
"MICHAEL PEZZETTA","L","28.3","Toronto Marlies","39","5","6","11","-5","52","0","0","42","0.28","11"
"MIKO MATIKKA","F","22.7","Tucson Roadrunners","51","5","6","11","-13","19","2","2","63","0.22","9"
"NATE CLURMAN","D","28.1","Laval Rocket","60","1","10","11","3","22","0","0","57","0.18","7"
"NICK POISSON","C","24.9","Abbotsford Canucks","43","5","6","11","-7","6","0","0","44","0.26","10"
"NOAH WARREN","D","22.0","San Diego Gulls","61","2","9","11","0","26","0","0","45","0.18","7"
"SAMUEL JOHANNESSON","D","25.5","Springfield Thunderbirds","26","2","9","11","-21","8","2","9","35","0.42","17"
"SIMON LUNDMARK","D","25.7","Syracuse Crunch","54","1","10","11","-1","22","0","0","59","0.20","8"
"TATE SINGLETON","R","27.8","Cleveland Monsters","39","6","5","11","-2","54","0","0","48","0.28","11"
"TOBIE BISSON","D","29.4","Laval Rocket","48","3","8","11","15","14","0","0","51","0.23","9"
"AIDEN FINK","R","21.6","Milwaukee Admirals","6","3","7","10","2","0","1","4","18","1.67","66"
"BEAU AKEY","D","21.4","Bakersfield Condors","42","2","8","10","12","22","0","2","48","0.24","9"
"BOKONDJI IMAMA","L","29.9","Wilkes-Barre/Scranton Penguins","66","6","4","10","-4","137","0","0","60","0.15","6"
"CADEN PRICE","D","20.8","Coachella Valley Firebirds","42","2","8","10","4","15","0","0","40","0.24","9"
"CAMERON CROTTY","D","27.2","Belleville Senators","49","3","7","10","-4","29","0","0","37","0.20","8"
"DAVID GOYETTE","F","22.3","Coachella Valley Firebirds","51","3","7","10","3","73","0","0","55","0.20","8"
"DAVID SILYE","C","27.3","Calgary Wranglers","58","3","7","10","-8","26","0","0","43","0.17","7"
"DINO KAMBEITZ","R","26.4","Abbotsford Canucks","64","2","8","10","-4","55","0","0","67","0.16","6"
"EETU LIUKAS","F","23.8","Bridgeport Islanders","24","4","6","10","4","12","0","0","26","0.42","17"
"JACK RICKETTS","F","26.8","Tucson Roadrunners","31","5","5","10","4","12","0","0","36","0.32","13"
"JACKSON DORRINGTON","D","22.2","Hartford Wolf Pack","70","2","8","10","-11","69","0","0","86","0.14","6"
"JAKOV NOVAK","F","27.7","Coachella Valley Firebirds","37","4","6","10","4","14","1","1","46","0.27","11"
"JAYCOB MEGNA","D","33.6","Henderson Silver Knights","64","4","6","10","19","33","0","0","81","0.16","6"
"JETT WOO","D","25.9","San Jose Barracuda","43","2","8","10","-15","92","0","0","62","0.23","9"
"JOEL NYSTROM","D","24.1","Chicago Wolves","37","1","9","10","9","12","0","1","48","0.27","11"
"JOSEPH LABATE","C","33.2","Abbotsford Canucks","23","6","4","10","-17","64","5","8","47","0.43","17"
"KYLE MCDONALD","R","24.4","Texas Stars","29","3","7","10","0","10","0","0","36","0.34","14"
"LLEYTON MOORE","D","24.3","Tucson Roadrunners","31","1","9","10","-3","4","0","0","36","0.32","13"
"MITCHELL VANDE SOMPEL","D","29.4","Charlotte Checkers","36","4","6","10","13","17","1","1","33","0.28","11"
"MONTANA ONYEBUCHI","D","26.3","Tucson Roadrunners","44","1","9","10","-12","67","0","0","55","0.23","9"
"NOAH OSTLUND","C","22.3","Rochester Americans","7","3","7","10","0","2","2","7","31","1.43","57"
"OLIVER MOORE","F","21.4","Rockford IceHogs","9","6","4","10","8","2","0","3","23","1.11","44"
"PHIL KEMP","D","27.4","Wilkes-Barre/Scranton Penguins","70","3","7","10","5","56","0","0","67","0.14","6"
"RYAN GRAVES","D","31.1","Wilkes-Barre/Scranton Penguins","15","3","7","10","4","4","1","3","45","0.67","27"
"SAMU TUOMAALA","F","23.5","Texas Stars","19","2","8","10","-3","6","0","4","35","0.53","21"
"TOMMY MILLER","D","27.3","Syracuse Crunch","55","3","7","10","8","27","0","0","40","0.18","7"
"VICTOR EKLUND","F","19.7","Bridgeport Islanders","9","3","7","10","4","2","1","2","17","1.11","44"
"ALEXANDER HOLTZ","F","24.4","Henderson Silver Knights","13","2","7","9","1","2","0","4","21","0.69","28"
"BLAKE SMITH","D","21.7","Toronto Marlies","62","1","8","9","8","110","0","0","59","0.15","6"
"BRODY LAMB","F","22.8","Hartford Wolf Pack","15","4","5","9","-1","2","1","3","20","0.60","24"
"CHAS SHARPE","D","22.6","Toronto Marlies","33","3","6","9","2","14","0","1","41","0.27","11"
"CHASE STILLMAN","R","23.3","Abbotsford Canucks","24","3","6","9","-4","48","1","3","32","0.38","15"
"COLE EISERMAN","F","19.8","Bridgeport Islanders","12","2","7","9","-4","2","2","5","21","0.75","30"
"CONNOR MYLYMOK","L","26.3","Rockford IceHogs","52","3","6","9","-11","206","0","0","48","0.17","7"
"IAN MCKINNON","F","28.3","Coachella Valley Firebirds","54","4","5","9","0","245","0","0","41","0.17","7"
"IVAN RYABKIN","C","19.2","Chicago Wolves","31","1","8","9","1","60","0","0","38","0.29","12"
"JACK MALONE","F","25.7","Utica Comets","45","1","8","9","0","10","0","0","39","0.20","8"
"JACK MILLAR","D","25.6","Ontario Reign","40","2","7","9","18","13","0","0","45","0.23","9"
"JAKE FURLONG","D","22.3","Rockford IceHogs","30","3","6","9","4","17","0","1","34","0.30","12"
"JUJHAR KHAIRA","C","31.9","Abbotsford Canucks","42","3","6","9","-17","51","0","2","40","0.21","9"
"LUCAS CIONA","L","23.5","Calgary Wranglers","47","5","4","9","-2","81","1","1","53","0.19","8"
"MATTEO COSTANTINI","C","23.9","Rochester Americans","33","6","3","9","-13","4","0","0","34","0.27","11"
"NOAH LAAOUAN","D","25.3","Rochester Americans","40","2","7","9","-8","30","0","0","48","0.23","9"
"RYAN SANDELIN","F","27.5","Iowa Wild","58","4","5","9","-9","18","0","1","78","0.16","6"
"TAIGE HARDING","D","24.5","Rockford IceHogs","47","3","6","9","-1","105","0","0","45","0.19","8"
"VILMER ALRIKSSON","L","21.4","Abbotsford Canucks","43","6","3","9","-28","56","1","1","59","0.21","8"
"WYATT NEWPOWER","D","28.6","Springfield Thunderbirds","53","2","7","9","-4","52","0","0","42","0.17","7"
"ADAM GINNING","D","26.5","Lehigh Valley Phantoms","42","2","6","8","-3","26","0","0","55","0.19","8"
"ALEX STEEVES","C","26.6","Providence Bruins","9","3","5","8","4","2","2","3","24","0.89","35"
"BLAKE HILLMAN","D","30.4","Hartford Wolf Pack","40","2","6","8","-6","2","0","0","44","0.20","8"
"BRYAN YOON","D","28.4","Colorado Eagles","42","3","5","8","6","10","0","1","44","0.19","8"
"C.J. SMITH","F","31.6","Bridgeport Islanders","17","0","8","8","-3","8","0","3","25","0.47","19"
"CHARLES ALEXIS LEGAULT","D","22.8","Chicago Wolves","24","3","5","8","3","48","0","0","34","0.33","13"
"COOPER MOORE","D","25.4","Hartford Wolf Pack","38","1","7","8","-4","40","0","0","30","0.21","8"
"DANIEL WALCOTT","L","32.4","Hartford Wolf Pack","39","4","4","8","-9","51","0","0","43","0.21","8"
"DILLON BOUCHER","F","29.2","Rockford IceHogs","53","3","5","8","-8","114","0","0","38","0.15","6"
"ELIAS SALOMONSSON","D","21.8","Manitoba Moose","29","1","7","8","-2","10","0","1","44","0.28","11"
"FEDOR SVECHKOV","C","23.2","Milwaukee Admirals","10","5","3","8","1","4","1","2","19","0.80","32"
"JACKSON CATES","F","28.8","Rockford IceHogs","29","4","4","8","-12","6","0","2","44","0.28","11"
"JARRED TINORDI","D","34.4","Syracuse Crunch","44","2","6","8","8","84","0","0","58","0.18","7"
"KALAN LIND","L","21.4","Milwaukee Admirals","26","5","3","8","-4","57","0","0","27","0.31","12"
"KYLE LOOFT","D","28.0","Texas Stars","37","4","4","8","-10","18","0","0","42","0.22","9"
"MACKENZIE MACEACHERN","L","32.3","Abbotsford Canucks","21","6","2","8","-9","8","3","3","41","0.38","15"
"MARC GATCOMB","F","26.9","Bridgeport Islanders","15","4","4","8","-5","6","0","0","39","0.53","21"
"MARK DUARTE","R","23.8","Belleville Senators","40","4","4","8","-2","12","0","0","34","0.20","8"
"MASON MILLMAN","D","24.9","Bakersfield Condors","44","1","7","8","5","15","0","1","48","0.18","7"
"MAX MCCUE","C","23.4","Cleveland Monsters","26","2","6","8","-9","39","0","0","15","0.31","12"
"MELVIN FERNSTROM","R","20.3","Wilkes-Barre/Scranton","14","2","6","8","3","0","0","2","25","0.57","23"
"MIKAEL DIOTTE","D","23.2","Utica Comets","53","1","7","8","-1","44","0","0","55","0.15","6"
"SAM LIPKIN","F","23.5","Tucson Roadrunners","44","1","7","8","13","31","0","0","33","0.18","7"
"SCOTT SABOURIN","R","33.9","Syracuse Crunch","24","6","2","8","2","22","2","3","32","0.33","13"
"VLADISLAV KOLYACHONOK","D","25.1","Texas Stars","34","1","7","8","2","14","0","0","42","0.24","9"
"ANTON JOHANSSON","D","22.1","Grand Rapids Griffins","8","2","5","7","6","2","1","2","14","0.88","35"
"AUSTIN ROEST","C","22.4","Milwaukee Admirals","41","1","6","7","-8","22","1","1","27","0.17","7"
"CAM ALLEN","D","21.5","Hershey Bears","22","3","4","7","1","22","2","3","33","0.32","13"
"CARSON BANTLE","L","24.4","Grand Rapids Griffins","52","3","4","7","0","55","0","0","54","0.13","5"
"CAVAN FITZGERALD","D","29.9","Rockford IceHogs","37","2","5","7","-9","51","0","0","57","0.19","8"
"COLTON WHITE","D","29.2","Utica Comets","30","1","6","7","11","29","0","0","37","0.23","9"
"DAKOTA MERMIS","D","32.5","Toronto Marlies","27","1","6","7","2","36","0","0","37","0.26","10"
"DALTON BANCROFT","R","25.3","Milwaukee Admirals","49","1","6","7","-10","30","0","0","52","0.14","6"
"DALTON SMITH","L","34.0","Hershey Bears","60","2","5","7","-17","85","0","0","37","0.12","5"
"DMITRY OSIPOV","D","29.7","Utica Comets","49","3","4","7","2","59","0","0","62","0.14","6"
"ETIENNE MORIN","D","21.3","Calgary Wranglers","42","1","6","7","-6","10","0","0","36","0.17","7"
"GRAHAM SLAGGERT","L","27.2","Rochester Americans","56","2","5","7","-6","10","0","0","46","0.13","5"
"HARRISON BRUNICKE","D","20.1","Wilkes-Barre/Scranton Penguins","11","1","6","7","8","2","0","2","25","0.64","25"
"JACOB JULIEN","C","21.8","Manitoba Moose","31","3","4","7","-3","12","0","0","27","0.23","9"
"JALEN LUYPEN","C","24.0","Hershey Bears","24","5","2","7","9","6","0","0","35","0.29","12"
"JOE ARNTSEN","D","23.1","Abbotsford Canucks","64","3","4","7","-17","92","0","0","35","0.11","4"
"JUSTIN ERTEL","L","23.1","Texas Stars","44","3","4","7","-10","24","0","0","29","0.16","6"
"JUUSO PARSSINEN","C","25.4","Hartford Wolf Pack","15","5","2","7","-1","4","0","0","15","0.47","19"
"LEON MUGGLI","D","20.0","Hershey Bears","27","1","6","7","4","4","0","1","31","0.26","10"
"LUCAS VANROBOYS","F","26.9","San Jose Barracuda","33","4","3","7","-2","66","0","0","46","0.21","8"
"NIKITA SUSUYEV","F","21.4","Springfield Thunderbirds","34","1","6","7","-10","12","0","1","27","0.21","8"
"NIKOLAI KNYZHOV","D","28.3","Abbotsford Canucks","60","0","7","7","-16","13","0","0","43","0.12","5"
"RILEY BEZEAU","R","24.2","Cleveland Monsters","24","5","2","7","-1","74","0","0","24","0.29","12"
"RYAN GAGNIER","C","24.0","Rockford IceHogs","37","5","2","7","-6","8","0","0","40","0.19","8"
"RYAN MCALLISTER","F","24.5","Wilkes-Barre/Scranton Penguins","16","2","5","7","-5","10","1","4","18","0.44","17"
"SAM BITTEN","L","26.3","Hershey Bears","47","4","3","7","-17","83","0","0","30","0.15","6"
"SIMON ROBERTSSON","F","23.4","Springfield Thunderbirds","40","2","5","7","-13","21","0","0","25","0.18","7"
"STANISLAV SVOZIL","D","23.4","Cleveland Monsters","41","1","6","7","2","20","0","1","56","0.17","7"
"VINCENT IORIO","D","23.6","San Jose Barracuda","6","0","7","7","7","4","0","0","5","1.17","46"
"AARON NESS","D","36.1","Hershey Bears","38","1","5","6","-8","26","0","0","34","0.16","6"
"BRANDON HICKEY","D","30.2","Henderson Silver Knights","37","1","5","6","5","17","0","0","39","0.16","6"
"COLTON HUARD","D","25.6","Charlotte Checkers","30","3","3","6","6","32","0","0","32","0.20","8"
"COOPER FLINTON","L","22.9","Syracuse Crunch","50","5","1","6","-1","48","1","1","39","0.12","5"
"DYLAN HRYCKOWIAN","F","22.1","Texas Stars","12","3","3","6","2","8","1","2","21","0.50","20"
"EAMON POWELL","D","24.1","Charlotte Checkers","23","1","5","6","-3","18","0","1","20","0.26","10"
"ETHAN KEPPEN","R","25.3","Bakersfield Condors","44","4","2","6","-2","62","0","0","42","0.14","5"
"GAVIN BRINDLEY","R","21.7","Colorado Eagles","9","2","4","6","-1","2","1","2","18","0.67","27"
"HUNTER MCDONALD","D","24.1","Lehigh Valley Phantoms","65","0","6","6","-1","92","0","0","69","0.09","4"
"ISAAC BELLIVEAU","D","23.6","Rochester Americans","36","1","5","6","-9","49","0","1","38","0.17","7"
"JACK MATIER","D","23.2","Milwaukee Admirals","24","1","5","6","-4","30","0","1","24","0.25","10"
"JACK ST. IVANY","D","26.9","Wilkes-Barre/Scranton Penguins","8","1","5","6","4","4","0","0","9","0.75","30"
"JAKUB DVORAK","D","21.1","Ontario Reign","45","4","2","6","6","41","0","0","30","0.13","5"
"JOSH FILMON","F","22.3","Utica Comets","31","4","2","6","0","14","0","0","20","0.19","8"
"KAI SCHWINDT","F","22.5","Charlotte Checkers","33","2","4","6","2","6","0","0","38","0.18","7"
"KENTA ISOGAI","F","21.8","Ontario Reign","28","3","3","6","-3","2","0","0","24","0.21","9"
"KYLE CRNKOVIC","F","23.7","San Jose Barracuda","18","1","5","6","8","2","0","0","17","0.33","13"
"LEO LOOF","D","24.2","Springfield Thunderbirds","47","2","4","6","-2","29","0","0","38","0.13","5"
"LIAM MCLINSKEY","F","25.4","Charlotte Checkers","24","2","4","6","2","8","0","1","28","0.25","10"
"MICHAEL MILNE","F","23.8","Grand Rapids Griffins","39","2","4","6","-14","36","0","1","50","0.15","6"
"NOLAN RENWICK","R","25.4","Wilkes-Barre/Scranton Penguins","43","2","4","6","-1","31","0","0","24","0.14","6"
"PARKER BELL","L","22.8","Calgary Wranglers","53","3","3","6","-13","34","0","0","58","0.11","5"
"RAIVIS ANSONS","L","24.4","Wilkes-Barre/Scranton Penguins","32","2","4","6","-3","17","0","0","22","0.19","7"
"RED SAVAGE","C","23.1","Rochester Americans","29","3","3","6","-2","14","0","0","25","0.21","8"
"SEAN CHISHOLM","F","25.4","Texas Stars","51","3","3","6","-5","45","0","0","52","0.12","5"
"SHAWN ELEMENT","L","26.2","Milwaukee Admirals","37","5","1","6","-2","29","0","0","47","0.16","6"
"SPENCER KERSTEN","R","26.1","Syracuse Crunch","12","3","3","6","3","8","2","3","9","0.50","20"
"STEVEN SANTINI","D","31.3","Syracuse Crunch","33","0","6","6","10","10","0","0","48","0.18","7"
"TOMAS HAMARA","D","23.3","Belleville Senators","48","4","2","6","-4","18","1","1","41","0.13","5"
"TOMMY BERGSLAND","D","25.3","Texas Stars","34","1","5","6","-1","12","0","0","35","0.18","7"
"TY MURCHISON","D","23.4","Lehigh Valley Phantoms","29","2","4","6","12","46","0","0","27","0.21","8"
"ANDREW BASHA","L","20.6","Calgary Wranglers","27","1","4","5","-7","33","0","0","18","0.19","7"
"COOPER WALKER","C","24.0","Abbotsford Canucks","37","2","3","5","-4","8","0","0","33","0.14","5"
"DALIBOR DVORSKY","F","21.0","Springfield Thunderbirds","6","3","2","5","-4","4","2","2","22","0.83","33"
"DENNIS CHOLOWSKI","D","28.4","Utica Comets","13","0","5","5","-6","6","0","3","24","0.38","15"
"DOMINIC JAMES","C","24.0","Syracuse Crunch","4","3","2","5","3","0","1","2","10","1.25","50"
"EMIL ANDRAE","D","24.3","Lehigh Valley Phantoms","7","0","5","5","3","6","0","1","8","0.71","28"
"GIVANI SMITH","L","28.3","Chicago Wolves","25","2","3","5","-2","70","0","0","35","0.20","8"
"JACOB PERREAULT","R","24.2","Providence Bruins","14","3","2","5","2","0","1","2","10","0.36","14"
"JOSH JACOBS","D","30.4","Laval Rocket","19","1","4","5","5","6","0","0","14","0.26","10"
"JOSIAH DIDIER","D","33.2","Laval Rocket","43","0","5","5","4","33","0","0","38","0.12","5"
"KEVIN CONNAUTON","D","36.3","Tucson Roadrunners","30","0","5","5","-11","27","0","0","31","0.17","7"
"KYLE BURROUGHS","D","31.0","Ontario Reign","18","1","4","5","8","10","0","1","17","0.28","11"
"LIAM OHGREN","L","22.4","Iowa Wild","9","3","2","5","-3","0","1","2","25","0.56","22"
"LUCAS JOHANSEN","D","28.6","Henderson Silver Knights","30","2","3","5","-5","10","0","0","17","0.17","7"
"LUKE MITTELSTADT","D","23.4","Laval Rocket","9","1","4","5","0","0","0","3","15","0.56","22"
"MARSHALL RIFAI","D","28.3","Toronto Marlies","20","0","5","5","9","30","0","0","27","0.25","10"
"MASSIMO RIZZO","F","25.0","Milwaukee Admirals","14","2","3","5","-4","4","0","1","12","0.36","14"
"OTTO SALIN","D","22.3","Ontario Reign","43","3","2","5","-3","22","0","0","35","0.12","5"
"QUINTON BURNS","D","21.2","Springfield Thunderbirds","31","0","5","5","0","92","0","1","30","0.16","6"
"RASMUS KUMPULAINEN","F","20.9","Iowa Wild","48","1","4","5","-12","24","0","1","44","0.10","4"
"SHANE BOWERS","F","27.0","San Jose Barracuda","25","1","4","5","-6","32","0","0","24","0.20","8"
"SLOAN STANICK","F","22.9","Henderson Silver Knights","12","4","1","5","1","2","0","0","14","0.42","17"
"TYLER KOPFF","L","23.2","Rochester Americans","30","1","4","5","-2","23","0","0","17","0.17","7"
"TYREL BAUER","D","24.3","Manitoba Moose","52","1","4","5","10","110","0","0","66","0.10","4"
"VINCENT ARSENEAU","L","34.3","Laval Rocket","22","5","0","5","0","37","0","0","21","0.23","9"
"WILL DINEEN","F","25.6","Laval Rocket","35","3","2","5","3","29","0","0","38","0.14","6"
"WILL ZMOLEK","D","27.2","Iowa Wild","44","1","4","5","-9","10","0","0","24","0.11","5"
"ZACH GALLANT","R","27.3","Wilkes-Barre/Scranton Penguins","39","1","4","5","-4","68","0","0","32","0.13","5"
"ZACH UENS","D","25.1","Coachella Valley Firebirds","21","1","4","5","0","15","0","0","19","0.24","9"
"ZAYNE PAREKH","D","20.4","Calgary Wranglers","4","2","3","5","1","2","0","0","12","1.25","50"
"ANDREW PERROTT","D","24.8","Rockford IceHogs","51","1","3","4","-6","117","0","0","49","0.08","3"
"ANRI RAVINSKIS","L","23.5","Abbotsford Canucks","32","2","2","4","-10","10","0","0","40","0.13","5"
"BEN KING","C","24.1","Toronto Marlies","20","2","2","4","-2","21","0","0","15","0.20","8"
"BRANDON BADDOCK","L","31.3","Toronto Marlies","20","1","3","4","1","50","0","0","12","0.20","8"
"BRAYDEN HISLOP","D","22.8","Rockford IceHogs","13","0","4","4","6","2","0","0","13","0.31","12"
"BRYCE MONTGOMERY","D","23.6","Chicago Wolves","24","0","4","4","-1","57","0","0","25","0.17","7"
"CHAD HILLEBRAND","L","27.4","Grand Rapids Griffins","14","2","2","4","5","13","0","0","11","0.29","11"
"CHASE YODER","C","24.1","Manitoba Moose","23","2","2","4","-3","10","0","0","23","0.17","7"
"CHRISTOFFER SEDOFF","D","24.4","Milwaukee Admirals","50","0","4","4","4","15","0","0","43","0.08","3"
"COLIN FELIX","D","27.5","Providence Bruins","28","0","4","4","3","73","0","0","21","0.14","6"
"CONNOR CLATTENBURG","L","21.2","Bakersfield Condors","32","2","2","4","-6","131","0","0","16","0.13","5"
"COULSON PITRE","R","21.5","San Diego Gulls","25","2","2","4","-2","4","0","0","22","0.16","6"
"DAVID BREAZEALE","D","26.2","Wilkes-Barre/Scranton Penguins","9","1","3","4","8","0","0","0","6","0.44","18"
"DAVID GAGNON","F","26.2","Chicago Wolves","18","0","4","4","-1","14","0","0","11","0.22","9"
"DJIBRIL TOURE","D","23.1","Belleville Senators","38","1","3","4","8","119","0","0","33","0.11","4"
"ELLIOT DESNOYERS","L","24.4","Iowa Wild","18","1","3","4","0","6","0","1","19","0.22","9"
"ERIKS MATEIKO","C","20.6","Hershey Bears","27","1","3","4","1","16","0","0","27","0.15","6"
"GLEB VEREMYEV","F","23.0","Bridgeport Islanders","22","3","1","4","-4","13","0","0","23","0.18","7"
"JACKSON EDWARD","D","22.3","Lehigh Valley Phantoms","16","1","3","4","-2","22","0","0","8","0.25","10"
"JACKSON VAN DE LEEST","D","25.0","Utica Comets","18","1","3","4","0","9","0","0","20","0.22","9"
"JACOB DOTY","F","33.0","Ontario Reign","48","2","2","4","-10","88","0","0","15","0.08","3"
"JAMES HAGENS","F","","Providence","6","1","3","4","-1","2","1","3","14","0.67","27"
"JAXON NELSON","F","26.2","Iowa Wild","19","2","2","4","-3","4","0","0","21","0.21","8"
"KALLE VAISANEN","F","23.4","Hartford Wolf Pack","51","3","1","4","-12","0","0","0","36","0.08","3"
"KYLE CAPOBIANCO","D","28.9","Texas Stars","5","1","3","4","1","4","0","0","7","0.80","32"
"LANDON SLAGGERT","F","24.0","Rockford IceHogs","8","2","2","4","-2","8","0","1","14","0.50","20"
"MARK LIWISKI","F","24.9","Iowa Wild","49","4","0","4","-11","243","0","0","34","0.08","3"
"MATTHEW WOOD","L","21.4","Milwaukee Admirals","5","1","3","4","-1","0","1","1","9","0.80","32"
"NOAH POWELL","R","21.4","Lehigh Valley Phantoms","16","2","2","4","-1","11","0","0","12","0.25","10"
"REECE NEWKIRK","F","25.4","Syracuse Crunch","15","0","4","4","3","23","0","1","8","0.27","11"
"RILEY THOMPSON","C","23.9","Lehigh Valley Phantoms","9","0","4","4","-8","4","0","2","13","0.44","18"
"SAM STANGE","F","25.2","Springfield Thunderbirds","31","3","1","4","-7","0","0","0","30","0.13","5"
"TIM REGO","D","25.7","Ontario Reign","15","2","2","4","6","6","0","0","8","0.27","11"
"VITALI KRAVTSOV","R","26.5","Abbotsford Canucks","10","1","3","4","-7","0","1","3","22","0.40","16"
"ZACK OSTAPCHUK","C","23.1","San Jose Barracuda","11","3","1","4","-4","10","0","0","14","0.36","14"
"ZAKARY KARPA","F","24.3","Hartford Wolf Pack","24","1","3","4","-5","9","0","1","20","0.17","7"
"AIDAN FULP","D","26.3","Rochester Americans","21","0","3","3","2","8","0","0","11","0.14","6"
"ALEX GALLANT","L","33.6","Calgary Wranglers","42","0","3","3","-4","179","0","0","20","0.07","3"
"ARAM MINNETIAN","D","21.3","Texas Stars","8","0","3","3","2","6","0","0","6","0.38","15"
"ARNAUD DURANDEAU","L","27.5","Abbotsford Canucks","19","0","3","3","-7","8","0","0","22","0.16","6"
"AXEL SANDIN-PELLIKKA","D","21.3","Grand Rapids Griffins","6","2","1","3","0","0","1","2","11","0.50","20"
"BLAKE BIONDI","C","24.2","Chicago Wolves","29","3","0","3","-4","11","0","0","36","0.10","4"
"BRADY STONEHOUSE","R","21.9","Bakersfield Condors","9","0","3","3","2","21","0","0","4","0.33","13"
"CADE WEBBER","D","25.5","Toronto Marlies","33","0","3","3","18","18","0","0","10","0.09","4"
"CALLE ODELIUS","D","22.1","Bridgeport Islanders","20","1","2","3","-7","2","0","2","15","0.15","6"
"CALUM RITCHIE","C","21.4","Bridgeport Islanders","3","1","2","3","2","2","0","0","6","1.00","40"
"CAREY TERRANCE","F","21.1","Hartford Wolf Pack","27","2","1","3","-7","14","0","0","19","0.11","4"
"CARTER BERGER","D","26.8","Lehigh Valley Phantoms","12","0","3","3","5","4","0","1","6","0.25","10"
"CARTER WILKIE","C","26.2","Calgary Wranglers","27","1","2","3","-7","13","0","0","24","0.11","4"
"CHARLE-EDOUARD D'ASTOUS","D","28.2","Syracuse Crunch","4","1","2","3","3","0","0","2","9","0.75","30"
"CHASE DAFOE","F","24.3","Rockford IceHogs","9","2","1","3","1","4","0","0","4","0.33","13"
"COLE KNUBLE","C","22.0","Lehigh Valley Phantoms","7","1","2","3","0","0","1","1","15","0.43","17"
"DANIEL LAATSCH","D","24.4","Wilkes-Barre/Scranton Penguins","10","0","3","3","1","2","0","0","6","0.30","12"
"DYLAN WENDT","F","25.5","Utica Comets","19","0","3","3","-1","9","0","0","9","0.16","6"
"EASTON COWAN","L","21.1","Toronto Marlies","4","1","2","3","0","2","0","0","6","0.75","30"
"EDDIE GENBORG","F","19.2","Grand Rapids Griffins","11","1","2","3","2","8","0","1","19","0.27","11"
"ELLIS RICKWOOD","F","24.0","Texas Stars","2","2","1","3","3","0","0","0","3","1.50","60"
"EMIL PIENINIEMI","D","21.3","Wilkes-Barre/Scranton Penguins","9","1","2","3","5","4","0","1","6","0.33","13"
"FABIAN WAGNER","L","22.1","Manitoba Moose","29","1","2","3","-9","4","0","0","28","0.10","4"
"GUSTAV STJERNBERG","D","23.7","Colorado Eagles","11","1","2","3","-3","34","0","0","15","0.27","11"
"HARRISON ISRAELS","C","26.8","Rockford IceHogs","31","1","2","3","-8","16","0","0","34","0.10","4"
"JACK ANDERSON","D","23.6","Texas Stars","12","2","1","3","5","9","0","0","12","0.25","10"
"JACK FINLEY","C","23.8","Syracuse Crunch","3","1","2","3","1","0","0","1","2","1.00","40"
"JACOB TRUSCOTT","D","24.2","Grand Rapids Griffins","12","0","3","3","0","4","0","0","6","0.25","10"
"JOE DUNLAP","R","26.6","Laval Rocket","10","2","1","3","3","6","0","0","11","0.30","12"
"JOHN PROKOP","D","25.1","Toronto Marlies","24","1","2","3","-6","8","0","0","20","0.13","5"
"JONATHAN ASPIROT","D","27.1","Providence Bruins","5","1","2","3","2","4","0","0","8","0.60","24"
"JORDAN HARRIS","D","26.0","Providence Bruins","4","1","2","3","6","0","0","0","4","0.75","30"
"JOSH BLOOM","L","23.1","Bakersfield Condors","22","2","1","3","-12","0","0","0","19","0.14","5"
"JUSTIN NACHBAUR","R","26.3","Hershey Bears","31","2","1","3","-10","114","0","0","14","0.10","4"
"KALEB LAWRENCE","C","23.5","Rochester Americans","27","0","3","3","0","54","0","0","25","0.11","4"
"KYLER KUPKA","C","27.1","Hershey Bears","12","1","2","3","-3","0","0","0","8","0.25","10"
"LANDON SIM","F","22.0","Toronto Marlies","13","3","0","3","-1","31","0","0","14","0.23","9"
"LUCAS WAHLIN","F","25.2","Manitoba Moose","6","1","2","3","4","4","0","0","6","0.50","20"
"MASON GEERTSEN","L","31.2","Rochester Americans","35","2","1","3","-7","77","0","0","30","0.09","3"
"MATT COPPONI","C","23.1","Bakersfield Condors","29","2","1","3","-9","15","0","0","34","0.10","4"
"MATT DIMARSICO","L","22.5","Colorado Eagles","7","1","2","3","-2","2","0","0","14","0.43","17"
"MATTHEW STIENBURG","F","25.7","Colorado Eagles","8","2","1","3","-2","11","0","0","12","0.38","15"
"MAX WANNER","D","23.3","Providence Bruins","29","1","2","3","9","11","0","0","26","0.10","4"
"MILO ROELENS","C","23.5","Syracuse Crunch","20","0","3","3","1","15","0","0","5","0.15","6"
"NATHAN BASTIAN","R","28.6","Texas Stars","4","2","1","3","0","2","0","1","10","0.75","30"
"NIKO HUUHTANEN","R","23.0","Syracuse Crunch","5","0","3","3","1","10","0","0","3","0.60","24"
"OLE JULIAN BJøRGVIK-HOLM","D","24.1","Cleveland Monsters","34","0","3","3","-1","10","0","0","27","0.09","4"
"PATRICK THOMAS","L","21.9","Hershey Bears","7","1","2","3","-1","2","0","0","8","0.43","17"
"PHIP WAUGH","D","26.5","Hartford Wolf Pack","15","0","3","3","5","2","0","0","19","0.20","8"
"REILLY WEBB","D","27.2","Hershey Bears","16","0","3","3","5","6","0","0","12","0.19","7"
"RILEY KIDNEY","C","23.3","Belleville Senators","11","0","3","3","4","8","0","0","8","0.27","11"
"RILEY MCKAY","F","27.3","Henderson Silver Knights","28","1","2","3","-10","88","0","0","21","0.11","4"
"ROGER MCQUEEN","C","19.7","San Diego Gulls","7","1","2","3","-2","6","0","0","8","0.43","17"
"ROMAN SCHMIDT","D","23.3","Iowa Wild","48","0","3","3","-14","94","0","0","43","0.06","2"
"RYAN KIRWAN","L","24.3","Toronto Marlies","8","1","2","3","-1","0","0","0","9","0.38","15"
"RYAN O'ROURKE","D","24.1","Belleville Senators","22","0","3","3","0","6","0","0","26","0.14","5"
"TRAVIS DERMOTT","D","29.5","Hartford Wolf Pack","5","0","3","3","-2","2","0","0","4","0.60","24"
"TYSON EMPEY","L","31.0","Manitoba Moose","24","1","2","3","1","69","0","0","10","0.13","5"
"ARTEM GRUSHNIKOV","D","23.3","Calgary Wranglers","55","1","1","2","-1","19","0","0","50","0.04","1"
"ARTUR CHOLACH","D","23.1","Henderson Silver Knights","10","0","2","2","-1","2","0","0","6","0.20","8"
"BRANDON BUHR","F","24.0","Toronto","5","0","2","2","-2","2","0","0","2","0.40","16"
"BRANDON HOLT","D","25.2","Tucson Roadrunners","5","1","1","2","5","0","0","0","11","0.40","16"
"CHARLIE WRIGHT","D","22.7","Coachella Valley Firebirds","46","1","1","2","-1","4","0","0","36","0.04","2"
"CHRIS HARPUR","D","29.8","Syracuse Crunch","18","0","2","2","2","6","0","0","5","0.11","4"
"COLIN RALPH","D","20.7","Springfield Thunderbirds","6","0","2","2","-2","0","0","1","6","0.33","13"
"CONNOR PUNNETT","D","23.0","Texas Stars","18","0","2","2","-1","13","0","0","12","0.11","4"
"COOPER GAY","F","24.3","Colorado Eagles","11","1","1","2","1","6","0","0","14","0.18","7"
"D.J. KING","D","25.9","Hershey Bears","18","0","2","2","3","37","0","0","12","0.11","4"
"DANIEL RUSSELL","F","24.6","Wilkes-Barre/Scranton Penguins","4","0","2","2","0","0","0","0","8","0.50","20"
"DYLAN JAMES","L","22.7","Grand Rapids Griffins","2","2","0","2","1","0","0","0","3","1.00","40"
"EGOR ZAMULA","D","26.2","Wilkes-Barre/Scranton Penguins","3","0","2","2","-3","0","0","2","3","0.67","27"
"ETHAN FRISCH","D","25.7","Manitoba Moose","10","0","2","2","2","0","0","0","14","0.20","8"
"ETHEN FRANK","R","28.4","Hershey Bears","3","2","0","2","0","0","0","0","5","0.67","27"
"FELIX TRUDEAU","F","23.8","Springfield Thunderbirds","8","1","1","2","-1","2","0","1","10","0.25","10"
"GUILLAUME BRISEBOIS","D","28.9","Abbotsford Canucks","9","1","1","2","4","2","0","0","12","0.22","9"
"HANK KEMPF","D","24.2","Colorado Eagles","7","0","2","2","0","2","0","0","7","0.29","11"
"JACKSON KUNZ","C","23.9","Abbotsford Canucks","22","0","2","2","-8","0","0","1","18","0.09","4"
"JAKE BOLTMANN","D","24.7","San Jose Barracuda","14","0","2","2","-2","2","0","0","7","0.14","6"
"JAKE FURLONG","D","23.2","San Jose Barracuda","12","0","2","2","-6","20","0","0","12","0.17","7"
"JAROD CRESPO","D","24.2","San Jose Barracuda","2","1","1","2","3","0","0","0","2","1.00","40"
"JESSE KIISKINEN","R","20.9","Grand Rapids Griffins","3","1","1","2","1","2","0","0","2","0.67","27"
"JESSE PULKKINEN","D","21.5","Bridgeport Islanders","20","0","2","2","-8","6","0","1","11","0.10","4"
"JIRI FELCMAN","F","21.2","Rockford IceHogs","7","0","2","2","-2","0","0","0","3","0.29","11"
"JUSTIN JANICKE","F","22.0","Coachella Valley Firebirds","11","0","2","2","-1","4","0","0","11","0.18","7"
"KADEN BOHLSEN","F","25.5","Hershey Bears","5","2","0","2","0","0","0","0","6","0.40","16"
"KEVIN CONLEY","C","29.4","Manitoba Moose","5","2","0","2","1","2","0","0","7","0.40","16"
"KYLE JACKSON","F","23.7","Hartford Wolf Pack","12","1","1","2","-6","0","0","0","5","0.17","7"
"LOGAN MAILLOUX","D","23.2","Springfield Thunderbirds","5","2","0","2","-2","2","1","1","5","0.40","16"
"LUKE KUNIN","C","28.6","Charlotte Checkers","1","0","2","2","1","0","0","0","1","2.00","80"
"MATHIEU DE ST. PHALLE","R","26.3","Wilkes-Barre/Scranton Penguins","11","2","0","2","-4","6","0","0","11","0.18","7"
"MATT BASGALL","D","23.9","San Diego Gulls","4","1","1","2","6","0","0","0","7","0.50","20"
"MAX DORRINGTON","F","24.8","Bridgeport Islanders","2","1","1","2","1","0","0","0","1","1.00","40"
"MAX GRONDIN","C","26.0","Syracuse Crunch","8","1","1","2","-3","28","0","0","16","0.25","10"
"MAX SASSON","C","25.8","Abbotsford Canucks","2","2","0","2","2","0","0","0","9","1.00","40"
"MICHAEL KOSTER","D","25.2","Iowa Wild","13","0","2","2","1","0","0","0","10","0.15","6"
"MIKHAIL ILYIN","F","21.4","Wilkes-Barre/Scranton Penguins","5","0","2","2","2","2","0","0","4","0.40","16"
"NAVRIN MUTTER","L","25.3","Providence Bruins","39","1","1","2","-11","95","0","0","15","0.05","2"
"NICKY LEIVERMANN","D","27.8","Hershey Bears","3","0","2","2","1","0","0","2","3","0.67","27"
"NOAH BECK","D","25.3","San Jose Barracuda","13","0","2","2","2","12","0","0","11","0.15","6"
"NOLAN MOYLE","R","27.2","Grand Rapids Griffins","16","1","1","2","5","15","0","0","16","0.13","5"
"PAUL LUDWINSKI","F","22.2","Rockford IceHogs","3","1","1","2","-2","2","0","0","1","0.67","27"
"REILLY CONNORS","C","26.3","Colorado Eagles","8","2","0","2","0","11","0","0","7","0.25","10"
"RILEY PATTERSON","C","20.3","Abbotsford Canucks","4","1","1","2","-1","4","0","1","8","0.50","20"
"ROBBY FABBRI","C","30.4","Charlotte Checkers","3","1","1","2","-4","0","0","0","6","0.67","27"
"RYLAND MOSLEY","L","26.4","Rockford IceHogs","13","1","1","2","-2","4","0","0","16","0.15","6"
"SCOOTER BRICKEY","D","27.1","Wilkes-Barre/Scranton Penguins","18","0","2","2","3","16","0","0","20","0.11","4"
"SHELDON REMPAL","R","30.9","Hershey Bears","4","1","1","2","-2","2","0","0","9","0.50","20"
"SIMON MACK","D","25.3","Calgary Wranglers","26","0","2","2","-5","2","0","0","15","0.08","3"
"T.J. HUGHES","C","24.6","Colorado Eagles","2","1","1","2","-2","0","0","1","8","1.00","40"
"TOM WILLANDER","D","21.4","Abbotsford Canucks","5","1","1","2","-5","0","1","1","6","0.40","16"
"TOMMY LAFRENIERE","R","19.5","Bakersfield Condors","5","1","1","2","0","0","0","0","8","0.40","16"
"TYLER INAMOTO","D","27.2","Bakersfield Condors","9","0","2","2","1","6","0","0","5","0.22","9"
"VIGGO GUSTAFSSON","D","19.8","Milwaukee Admirals","6","1","1","2","3","6","0","0","8","0.33","13"
"VINZENZ ROHRER","F","21.8","Laval Rocket","1","1","1","2","1","0","0","0","2","2.00","80"
"WILLIAM DUFOUR","L","24.4","Grand Rapids Griffins","11","2","0","2","-3","4","1","1","16","0.18","7"
"YAN KUZNETSOV","D","24.3","Calgary Wranglers","10","2","0","2","5","2","0","0","8","0.20","8"
"YANICK TURCOTTE","L","30.0","Chicago Wolves","38","0","2","2","-7","130","0","0","15","0.05","2"
"ZAC FUNK","L","22.9","Hershey Bears","10","0","2","2","-2","8","0","0","9","0.20","8"
"ZACK HAYES","D","27.2","Milwaukee Admirals","36","1","1","2","-16","20","0","0","23","0.06","2"
"AIDAN HRESCHUK","D","23.4","Texas Stars","3","0","1","1","-1","0","0","0","0","0.33","13"
"AIDEN HANSEN-BUKATA","D","27.0","Colorado Eagles","4","0","1","1","0","2","0","0","1","0.25","10"
"ALFONS FREIJ","D","20.4","Manitoba Moose","5","0","1","1","-5","2","0","0","4","0.20","8"
"ANDREJ SUSTR","D","35.6","Bridgeport Islanders","11","0","1","1","-6","21","0","0","8","0.09","4"
"AUSTIN BRIMMER","R","24.9","Abbotsford Canucks","13","0","1","1","-2","13","0","0","13","0.08","3"
"BLAKE MONTGOMERY","L","21.2","Belleville Senators","3","1","0","1","-2","6","0","0","7","0.33","13"
"BRADEN BIRNIE","L","24.7","Abbotsford Canucks","5","0","1","1","0","0","0","0","3","0.20","8"
"BRENDAN SMITH","D","37.4","Cleveland Monsters","11","0","1","1","-5","8","0","0","15","0.09","4"
"CAMERON BUTLER","R","24.1","Iowa Wild","16","1","0","1","-3","20","0","0","13","0.06","2"
"CARSON GOLDER","R","23.7","Lehigh Valley Phantoms","9","0","1","1","-2","4","0","0","11","0.11","4"
"CASE MCCARTHY","D","25.5","Hartford Wolf Pack","9","0","1","1","4","0","0","0","4","0.11","4"
"CHARLIE ELICK","D","20.4","Cleveland Monsters","2","0","1","1","0","0","0","0","1","0.50","20"
"CHASE WHEATCROFT","F","24.1","Texas Stars","8","0","1","1","1","4","0","0","6","0.13","5"
"CHRIS ORTIZ","D","25.4","Hartford Wolf Pack","24","0","1","1","0","6","0","0","12","0.04","2"
"CHRISTOPHER BROWN","R","30.4","Providence Bruins","8","0","1","1","-2","2","0","0","5","0.13","5"
"CHRISTOPHER DOUGLAS","R","26.0","Rochester Americans","11","1","0","1","-5","9","0","0","8","0.09","4"
"CONNOR MAYER","D","27.0","Hershey Bears","1","1","0","1","1","0","0","0","3","1.00","40"
"DAVID KAMPF","F","31.5","Toronto Marlies","4","0","1","1","-1","0","0","0","4","0.25","10"
"DAVID LEWANDOWSKI","F","19.4","Bakersfield Condors","1","0","1","1","1","0","0","0","1","1.00","40"
"DAWSON BARTEAUX","D","26.5","Manitoba Moose","32","1","0","1","-7","24","0","0","27","0.03","1"
"DEREK DASCHKE","D","28.5","Abbotsford Canucks","13","0","1","1","-2","0","0","0","4","0.08","3"
"DREW CALLIN","F","31.2","Providence Bruins","4","0","1","1","-3","2","0","0","6","0.25","10"
"DREW ELLIOTT","L","23.2","San Diego Gulls","6","1","0","1","-1","7","0","0","11","0.17","7"
"DYLAN MOULTON","D","25.2","Manitoba","3","1","0","1","0","0","0","0","3","0.33","13"
"FILIP HALLANDER","L","26.1","Wilkes-Barre/Scranton Penguins","3","1","0","1","1","2","0","0","7","0.33","13"
"HOYT STANLEY","D","21.4","Belleville Senators","6","1","0","1","-1","0","0","0","3","0.17","7"
"ISAK WALTHER","R","24.9","Milwaukee Admirals","4","0","1","1","-1","0","0","0","5","0.25","10"
"ISRAEL MIANSCUM","L","23.2","Laval Rocket","3","0","1","1","0","5","0","0","0","0.33","13"
"JACK BERGLUND","C","20.2","Lehigh Valley Phantoms","5","1","0","1","0","13","0","0","9","0.20","8"
"JACKSON BEREZOWSKI","C","24.4","Coachella Valley Firebirds","9","0","1","1","0","2","0","0","4","0.11","4"
"JACKSON JUTTING","F","25.3","Grand Rapids","5","0","1","1","-1","2","0","0","3","0.20","8"
"JAKE CHIASSON","R","23.1","Belleville Senators","19","0","1","1","0","4","0","0","12","0.05","2"
"JAKUB DEMEK","F","23.1","Henderson Silver Knights","4","0","1","1","-4","0","0","1","9","0.25","10"
"JAYDEN GRUBBE","C","23.5","Abbotsford Canucks","2","1","0","1","-2","2","0","0","4","0.50","20"
"JORDAN GUSTAFSON","F","22.4","Henderson Silver Knights","6","0","1","1","-4","0","0","0","4","0.17","7"
"JOSH DAVIES","L","22.3","Milwaukee Admirals","15","1","0","1","-6","30","0","0","11","0.07","3"
"JOSH DUNNE","C","27.6","Rochester Americans","2","1","0","1","1","4","0","0","9","0.50","20"
"JOSH LOPINA","C","25.4","Rockford IceHogs","16","1","0","1","-2","8","0","0","16","0.06","2"
"JOSH NADEAU","F","22.7","Laval Rocket","2","0","1","1","0","0","0","0","5","0.50","20"
"KALEB PEARSON","F","26.0","Texas","5","1","0","1","-3","0","0","0","2","0.20","8"
"KEATON MASTRODONATO","F","27.4","Ontario Reign","4","0","1","1","-3","0","0","0","5","0.25","10"
"KONNOR SMITH","D","21.6","San Diego Gulls","13","0","1","1","-7","20","0","0","9","0.08","3"
"LIAM VALENTE","C","23.1","Rochester Americans","2","1","0","1","-1","0","0","0","1","0.50","20"
"LUDWIG PERSSON","R","22.7","Hershey Bears","7","0","1","1","-1","2","0","0","8","0.14","6"
"LUKAS GUSTAFSSON","D","23.5","Manitoba Moose","5","0","1","1","-2","2","0","0","3","0.20","8"
"MARCEL MARCEL","F","22.7","Rockford IceHogs","13","1","0","1","-7","7","0","0","12","0.08","3"
"MATHIEU JOSEPH","F","29.4","Springfield Thunderbirds","2","1","0","1","-1","0","1","1","4","0.50","20"
"MATTHEW BROWN","F","26.9","Bakersfield Condors","17","0","1","1","2","2","0","0","10","0.06","2"
"MATTHEW SAVOIE","R","22.5","Bakersfield Condors","1","0","1","1","-1","0","0","0","3","1.00","40"
"MAX PSENICKA","D","19.4","Tucson Roadrunners","2","0","1","1","1","10","0","0","5","0.50","20"
"MAXIM STRBAK","D","21.2","Rochester Americans","2","0","1","1","-2","0","0","0","1","0.50","20"
"MICHAEL MISA","F","19.4","San Jose Barracuda","2","0","1","1","0","0","0","0","2","0.50","20"
"MILAN LUCIC","L","38.1","Springfield Thunderbirds","5","0","1","1","-7","4","0","1","1","0.20","8"
"MIROSLAV HOLINKA","C","20.6","Toronto Marlies","1","0","1","1","1","0","0","0","0","1.00","40"
"NEIL SHEA","F","26.9","Colorado Eagles","1","0","1","1","-1","0","0","0","1","1.00","40"
"NICK LEDDY","D","35.3","San Jose","1","0","1","1","1","0","0","0","1","1.00","40"
"NOAH STEEN","L","21.9","Syracuse Crunch","5","1","0","1","0","5","0","0","4","0.20","8"
"PETER TISCHKE","D","30.5","Rochester Americans","4","0","1","1","2","0","0","0","1","0.25","10"
"RADIM MRTKA","D","19.1","Rochester Americans","8","0","1","1","-3","7","0","0","9","0.13","5"
"REECE VITELLI","R","25.0","Manitoba Moose","12","0","1","1","3","5","0","0","11","0.08","3"
"RHETT PARSONS","D","22.7","Toronto Marlies","8","0","1","1","-5","47","0","0","2","0.13","5"
"ROBBY DRAZNER","D","26.4","Abbotsford Canucks","2","0","1","1","-1","6","0","0","2","0.50","20"
"RYAN CHYZOWSKI","C","26.1","Calgary Wranglers","3","1","0","1","-1","0","0","0","7","0.33","13"
"RYAN HOFER","R","24.1","Hershey Bears","11","0","1","1","-1","2","0","0","2","0.09","4"
"SAIGE WEINSTEIN","D","21.1","Colorado Eagles","3","1","0","1","0","2","0","0","2","0.33","13"
"SAMUEL LABERGE","F","29.2","San Jose Barracuda","9","0","1","1","0","27","0","0","13","0.11","4"
"SAWYER BOULTON","F","22.0","Lehigh Valley Phantoms","16","0","1","1","-1","40","0","0","1","0.06","2"
"SIMON PINARD","F","25.1","Hershey Bears","3","0","1","1","2","0","0","0","4","0.33","13"
"TRAVIS HOWE","R","32.4","San Diego Gulls","21","0","1","1","-1","78","0","0","6","0.05","2"
"TYLER MOTTE","L","31.3","Charlotte Checkers","4","1","0","1","-2","2","1","1","11","0.25","10"
"TYSON FEIST","D","25.5","Bakersfield Condors","13","0","1","1","5","35","0","0","9","0.08","3"
"VIKING GUSTAFSSON NYBERG","D","22.8","Iowa Wild","2","0","1","1","1","2","0","1","3","0.50","20"
"VINNY BORGESI","D","22.3","Toronto Marlies","7","0","1","1","-3","6","0","1","8","0.14","6"
"WILLIAM NICHOLL","C","20.1","Bakersfield Condors","5","1","0","1","-1","8","0","0","7","0.20","8"
"WYATTE WYLIE","D","26.7","Laval Rocket","8","0","1","1","-3","8","0","0","11","0.13","5"
"ZACH URDAHL","F","24.7","Wilkes-Barre/Scranton Penguins","12","0","1","1","2","2","0","0","7","0.08","3"
"ZAKHAR BARDAKOV","L","25.3","Colorado Eagles","1","1","0","1","1","0","0","0","3","1.00","40"
"AIDEN DUBINSKY","D","22.2","Laval Rocket","1","0","0","0","0","2","0","0","3","0.00","0"
"ALEX GAFFNEY","L","24.0","Hershey Bears","2","0","0","0","-2","0","0","0","1","0.00","0"
"ANDRE ANANIA","D","23.3","Milwaukee Admirals","1","0","0","0","1","0","0","0","1","0.00","0"
"ANDREW MANGIAPANE","R","30.2","Bakersfield Condors","1","0","0","0","0","0","0","0","0","0.00","0"
"ANTHONY KEHRER","D","24.3","Springfield Thunderbirds","7","0","0","0","-3","0","0","0","5","0.00","0"
"ANTHONY ROMANO","F","25.7","Springfield Thunderbirds","2","0","0","0","0","4","0","0","0","0.00","0"
"ANTON LUNDMARK","F","25.2","Charlotte Checkers","9","0","0","0","-2","4","0","0","9","0.00","0"
"ANTONIO VENUTO","R","26.3","","1","0","0","0","0","0","0","0","3","0.00","0"
"ARTEM GURYEV","D","23.1","Lehigh Valley Phantoms","6","0","0","0","-1","4","0","0","5","0.00","0"
"BEN DEXHEIMER","D","24.0","Iowa Wild","2","0","0","0","-3","0","0","0","4","0.00","0"
"BEN MEEHAN","D","25.2","Lehigh Valley Phantoms","5","0","0","0","-2","0","0","0","3","0.00","0"
"BEN STRINDEN","R","24.1","Milwaukee Admirals","3","0","0","0","-1","0","0","0","1","0.00","0"
"BEN ZLOTY","D","24.3","Manitoba Moose","2","0","0","0","0","0","0","0","0","0.00","0"
"BRADEN DOYLE","D","24.8","Chicago Wolves","10","0","0","0","0","19","0","0","3","0.00","0"
"BRAIDAN SIMMONS-FISCHER","D","24.4","Iowa","6","0","0","0","0","5","0","0","2","0.00","0"
"BRANDON HAWKINS","R","32.2","Grand Rapids Griffins","3","0","0","0","-1","0","0","0","4","0.00","0"
"BRAYDEN EDWARDS","F","21.5","Wilkes-Barre/Scranton Penguins","3","0","0","0","-1","0","0","0","0","0.00","0"
"BRENDAN GORMAN","F","23.4","Ontario Reign","2","0","0","0","-1","0","0","0","2","0.00","0"
"BRENT JOHNSON","D","23.3","Wilkes-Barre/Scranton Penguins","1","0","0","0","0","0","0","0","1","0.00","0"
"BROOKLYN KALMIKOV","L","25.2","Providence Bruins","5","0","0","0","-5","2","0","0","3","0.00","0"
"BROTEN SABO","D","23.9","Wilkes-Barre/Scranton Penguins","1","0","0","0","0","0","0","0","1","0.00","0"
"CAIGE STERZER","F","25.9","Hartford Wolf Pack","5","0","0","0","1","4","0","0","1","0.00","0"
"CALEB JONES","D","29.1","Wilkes-Barre/Scranton Penguins","1","0","0","0","0","0","0","0","1","0.00","0"
"CHAD NYCHUK","D","25.3","Milwaukee Admirals","1","0","0","0","0","0","0","0","2","0.00","0"
"CHASE PAULS","D","22.7","Calgary Wranglers","3","0","0","0","-2","0","0","0","1","0.00","0"
"CHONGMIN LEE","F","27.1","Cleveland Monsters","6","0","0","0","1","2","0","0","3","0.00","0"
"CHRIS HEDDEN","D","23.8","Colorado","1","0","0","0","-1","0","0","0","0","0.00","0"
"CHRISTIAN FELTON","D","26.4","Abbotsford Canucks","14","0","0","0","-3","0","0","0","10","0.00","0"
"CHRISTIAN FITZGERALD","F","24.1","Texas Stars","2","0","0","0","2","0","0","0","5","0.00","0"
"COLE KRYGIER","D","26.2","Charlotte Checkers","2","0","0","0","0","0","0","0","2","0.00","0"
"COLIN SWOYER","D","28.2","Cleveland Monsters","4","0","0","0","0","2","0","0","0","0.00","0"
"CURTIS DOUGLAS","C","26.3","Syracuse Crunch","6","0","0","0","0","0","0","0","6","0.00","0"
"DANIIL PROKHOROV","F","19.2","Bridgeport Islanders","1","0","0","0","0","0","0","0","0","0.00","0"
"DANNY KATIC","L","25.9","Belleville Senators","4","0","0","0","-1","2","0","0","3","0.00","0"
"DARICK LOUIS-JEAN","D","25.6","Laval Rocket","4","0","0","0","-1","2","0","0","4","0.00","0"
"DAVIS BURNSIDE","F","22.8","Manitoba Moose","2","0","0","0","0","0","0","0","0","0.00","0"
"DENI GOURE","C","23.0","Chicago Wolves","2","0","0","0","-2","0","0","0","1","0.00","0"
"DENNIS CESANA","D","28.2","Charlotte Checkers","2","0","0","0","2","0","0","0","1","0.00","0"
"DILLAN BENTLEY","F","25.2","Laval Rocket","6","0","0","0","0","6","0","0","14","0.00","0"
"DRAKE BURGIN","D","25.7","Coachella Valley","1","0","0","0","-1","0","0","0","0","0.00","0"
"DYLLAN GILL","D","22.1","Syracuse Crunch","3","0","0","0","-2","0","0","0","3","0.00","0"
"ELIAS PETTERSSON","D","22.4","Abbotsford Canucks","3","0","0","0","-1","2","0","0","3","0.00","0"
"EMIL HEMMING","F","20.0","Texas Stars","5","0","0","0","-1","0","0","0","8","0.00","0"
"ERIK BARGHOLTZ","F","25.2","San Jose Barracuda","2","0","0","0","0","0","0","0","1","0.00","0"
"ETHAN CZATA","C","19.1","Syracuse Crunch","3","0","0","0","-2","17","0","0","1","0.00","0"
"ETHAN LEYH","L","24.8","Chicago Wolves","2","0","0","0","0","0","0","0","4","0.00","0"
"FRANK DJURASEVIC","D","24.3","Toronto Marlies","2","0","0","0","-3","0","0","0","3","0.00","0"
"GARRETT PYKE","D","26.9","Hershey Bears","1","0","0","0","0","0","0","0","0","0.00","0"
"GAVIN HAIN","C","23.2","Hartford Wolf Pack","6","0","0","0","-3","2","0","0","2","0.00","0"
"GAVIN MCCARTHY","D","21.1","Rochester","5","0","0","0","0","4","0","0","3","0.00","0"
"HAYES HUNDLEY","D","21.3","Toronto Marlies","1","0","0","0","-1","0","0","0","1","0.00","0"
"HENRY BRZUSTEWICZ","D","19.4","Ontario Reign","5","0","0","0","1","8","0","0","6","0.00","0"
"HERMAN TRAFF","R","20.5","San Diego Gulls","3","0","0","0","-1","0","0","0","2","0.00","0"
"HUNTER JOHANNES","L","27.9","Lehigh Valley Phantoms","2","0","0","0","2","0","0","0","1","0.00","0"
"IAN MOORE","D","24.5","San Diego Gulls","4","0","0","0","0","0","0","0","4","0.00","0"
"ILYA SOLOVYOV","D","25.9","Colorado Eagles","3","0","0","0","1","0","0","0","4","0.00","0"
"JACK BAR","D","16.0","San Jose Barracuda","5","0","0","0","0","0","0","0","4","0.00","0"
"JACOB DION","D","24.7","Laval Rocket","5","0","0","0","-2","2","0","0","8","0.00","0"
"JACOB HUDSON","F","25.6","Providence Bruins","3","0","0","0","-2","5","0","0","4","0.00","0"
"JAKE MURRAY","D","24.2","Rockford IceHogs","2","0","0","0","0","2","0","0","3","0.00","0"
"JAMES STEFAN","R","22.8","Bakersfield Condors","6","0","0","0","0","0","0","0","2","0.00","0"
"JAYDEN LEE","D","25.5","Abbotsford Canucks","3","0","0","0","-2","0","0","0","3","0.00","0"
"JETT JONES","F","23.8","Springfield Thunderbirds","11","0","0","0","-6","4","0","0","4","0.00","0"
"JOHN GORMLEY","D","25.9","San Jose Barracuda","5","0","0","0","0","7","0","0","3","0.00","0"
"JOSH EERNISSE","R","24.5","Cleveland Monsters","1","0","0","0","0","0","0","0","0","0.00","0"
"KALE KESSY","L","33.6","Springfield Thunderbirds","41","0","0","0","-10","67","0","0","22","0.00","0"
"KENT ANDERSON","D","22.7","Calgary Wranglers","2","0","0","0","2","0","0","0","4","0.00","0"
"KEVIN WALL","R","26.4","Springfield Thunderbirds","6","0","0","0","-1","2","0","0","2","0.00","0"
"KIENAN DRAPER","R","24.4","Grand Rapids Griffins","2","0","0","0","-1","0","0","0","1","0.00","0"
"KYLE WALKER","D","26.0","Calgary Wranglers","3","0","0","0","-1","0","0","0","0","0.00","0"
"LACHLAN GETZ","D","24.4","Springfield","1","0","0","0","0","0","0","0","1","0.00","0"
"LANDON MCCALLUM","F","22.8","Coachella Valley Firebirds","3","0","0","0","-2","4","0","0","0","0.00","0"
"LOKE JOHANSSON","D","20.5","Providence Bruins","13","0","0","0","2","6","0","0","11","0.00","0"
"LUCAS PETTERSSON","C","20.2","San Diego Gulls","4","0","0","0","-2","0","0","0","4","0.00","0"
"LUKAS SILLINGER","L","25.8","Iowa Wild","5","0","0","0","-1","2","0","0","5","0.00","0"
"LUKE MISTELBACHER","R","20.7","Belleville Senators","3","0","0","0","-1","0","0","0","2","0.00","0"
"MACK OLIPHANT","D","23.5","San Jose","1","0","0","0","1","0","0","0","2","0.00","0"
"MARTIN POSPISIL","C","26.6","Calgary Wranglers","2","0","0","0","-3","2","0","0","7","0.00","0"
"MASON MCCORMICK","C","25.1","Milwaukee","2","0","0","0","-2","0","0","0","0","0.00","0"
"MATTHEW ANDONOVSKI","D","21.3","Belleville Senators","3","0","0","0","0","0","0","0","0","0.00","0"
"MATTHEW SOP","L","23.4","Iowa Wild","3","0","0","0","-2","0","0","0","2","0.00","0"
"MAX ANDREEV","L","27.7","Providence Bruins","1","0","0","0","-1","0","0","0","0","0.00","0"
"MAX GRAHAM","F","22.1","Wilkes-Barre/Scranton Penguins","1","0","0","0","0","9","0","0","0","0.00","0"
"MAXIM BARBASHEV","F","22.5","Tucson Roadrunners","3","0","0","0","-1","0","0","0","0","0.00","0"
"NATHAN BROWN","C","20.3","Belleville Senators","1","0","0","0","0","7","0","0","0","0.00","0"
"NICK ANDREWS","D","25.0","Grand Rapids","1","0","0","0","0","0","0","0","0","0.00","0"
"OWEN LINDMARK","C","25.1","San Diego Gulls","3","0","0","0","-1","0","0","0","0","0.00","0"
"QUINN BEAUCHESNE","D","19.3","Wilkes-Barre/Scranton Penguins","1","0","0","0","0","0","0","0","1","0.00","0"
"RIEGER LORENZ","L","22.2","Iowa Wild","3","0","0","0","-4","4","0","0","5","0.00","0"
"RILEY MCCOURT","D","26.0","Belleville Senators","2","0","0","0","-1","2","0","0","1","0.00","0"
"ROMAIN RODZINSKI","D","24.1","Hershey Bears","6","0","0","0","-3","0","0","0","10","0.00","0"
"ROMAN KINAL","D","27.9","San Diego Gulls","14","0","0","0","-6","2","0","0","11","0.00","0"
"RYAN BOTTRILL","F","22.4","Iowa Wild","5","0","0","0","-2","2","0","0","4","0.00","0"
"RYAN MCCLEARY","D","22.8","Toronto Marlies","1","0","0","0","-1","0","0","0","0","0.00","0"
"RYAN MCGUIRE","F","23.9","Iowa Wild","2","0","0","0","-2","2","0","0","1","0.00","0"
"RYAN MILLER","F","19.2","Wilkes-Barre/Scranton Penguins","2","0","0","0","-1","2","0","0","3","0.00","0"
"RYAN TATTLE","F","24.8","Providence Bruins","5","0","0","0","1","2","0","0","3","0.00","0"
"SAM SEDLEY","D","23.1","Belleville Senators","2","0","0","0","-1","0","0","0","1","0.00","0"
"SAM STEVENS","C","26.2","Toronto Marlies","4","0","0","0","-1","2","0","0","8","0.00","0"
"SAMUEL MAYER","D","23.2","Henderson Silver Knights","4","0","0","0","0","0","0","0","7","0.00","0"
"SCOTT REEDY","F","27.2","Bridgeport Islanders","6","0","0","0","-5","0","0","0","7","0.00","0"
"SEAN LAROCHELLE","D","25.4","Manitoba","3","0","0","0","0","2","0","0","1","0.00","0"
"STEVIE LESKOVAR","D","21.8","Iowa Wild","5","0","0","0","-1","0","0","0","3","0.00","0"
"SULLIVAN MACK","F","26.0","Hartford Wolf Pack","4","0","0","0","0","2","0","0","6","0.00","0"
"TAG BERTUZZI","F","25.4","Utica Comets","14","0","0","0","-6","0","0","0","7","0.00","0"
"TARUN FIZER","R","25.3","Springfield Thunderbirds","2","0","0","0","1","0","0","0","1","0.00","0"
"TERRELL GOLDSMITH","D","21.1","Tucson Roadrunners","3","0","0","0","1","7","0","0","1","0.00","0"
"THOMAS MESSINEO","D","24.2","San Jose Barracuda","3","0","0","0","-1","0","0","0","3","0.00","0"
"TOMMY BUDNICK","D","22.4","Wilkes-Barre/Scranton Penguins","1","0","0","0","0","2","0","0","1","0.00","0"
"TRISTAN SARSLAND","D","22.3","San Jose Barracuda","4","0","0","0","-3","0","0","0","3","0.00","0"
"TROY MURRAY","F","28.8","Springfield Thunderbirds","2","0","0","0","-1","5","0","0","2","0.00","0"
"TYLER WEISS","L","26.5","Chicago Wolves","1","0","0","0","-1","0","0","0","0","0.00","0"
"VALTTERI PIIRONEN","D","24.8","Coachella Valley Firebirds","1","0","0","0","-2","0","0","0","0","0.00","0"
"VINCENT SEVIGNY","D","25.2","Lehigh Valley Phantoms","14","0","0","0","7","6","0","0","12","0.00","0"
"WILL MACKINNON","D","26.2","Cleveland Monsters","5","0","0","0","0","2","0","0","2","0.00","0"
"WILL RIEDELL","D","29.7","Providence Bruins","2","0","0","0","1","0","0","0","2","0.00","0"
"XAVIER BERNARD","D","26.5","Calgary Wranglers","6","0","0","0","2","12","0","0","3","0.00","0"
"ZACH BERZOLLA","D","28.1","Springfield Thunderbirds","4","0","0","0","-1","6","0","0","4","0.00","0"
"ZACH OKABE","C","25.5","Abbotsford Canucks","2","0","0","0","0","0","0","0","0","0.00","0"